ts_code,adj_factor
000001.SZ,134.5794
000002.SZ,181.704
000004.SZ,4.064
000006.SZ,39.74
000007.SZ,8.284
000008.SZ,22.408
000009.SZ,9.0053
000010.SZ,10.775
000011.SZ,4.411
000012.SZ,30.3449
000014.SZ,6.776
000016.SZ,22.375
000017.SZ,2.683
000019.SZ,4.8613
000020.SZ,1.752
000021.SZ,14.74
000025.SZ,2.7682
000026.SZ,8.9877
000027.SZ,18.4563
000028.SZ,5.6862
000029.SZ,2.291
000030.SZ,4.2329
000031.SZ,14.651
000032.SZ,4.2557
000034.SZ,3.2375
000035.SZ,4.7462
000036.SZ,12.84
000037.SZ,5.668
000039.SZ,52.0044
000042.SZ,13.498
000045.SZ,3.0142
000048.SZ,10.1956
000049.SZ,9.403
000050.SZ,8.477
000055.SZ,10.3246
000056.SZ,4.708
000058.SZ,3.311
000059.SZ,1.8288
000060.SZ,41.4849
000061.SZ,22.8076
000062.SZ,8.1863
000063.SZ,17.1055
000065.SZ,17.8848
000066.SZ,11.008
000068.SZ,2.28
000069.SZ,45.255
000070.SZ,3.484
000078.SZ,20.484
000088.SZ,8.8814
000089.SZ,7.3571
000090.SZ,9.8305
000096.SZ,2.8906
000099.SZ,3.9556
000100.SZ,3.7658
000151.SZ,2.759
000153.SZ,8.3904
000155.SZ,1.6169
000156.SZ,1.235
000157.SZ,92.9685
000158.SZ,2.952
000159.SZ,3.215
000166.SZ,1.5774
000301.SZ,2.379
000333.SZ,5.6406
000338.SZ,23.4473
000400.SZ,8.0978
000401.SZ,4.6942
000402.SZ,39.142
000403.SZ,10.2326
000404.SZ,3.9652
000407.SZ,11.5707
000408.SZ,6.8434
000409.SZ,2.15
000410.SZ,2.889
000411.SZ,3.3951
000415.SZ,20.919
000417.SZ,19.034
000419.SZ,16.7468
000420.SZ,6.352
000421.SZ,7.5317
000422.SZ,15.5448
000423.SZ,11.7564
000425.SZ,43.9167
000426.SZ,17.1068
000428.SZ,12.139
000429.SZ,4.8786
000430.SZ,4.612
000488.SZ,9.767
000498.SZ,3.1926
000501.SZ,7.2828
000503.SZ,7.615
000504.SZ,2.103
000505.SZ,3.3622
000506.SZ,2.872
000507.SZ,4.8296
000509.SZ,9.7463
000510.SZ,10.422
000513.SZ,9.9864
000514.SZ,4.4343
000516.SZ,39.873
000517.SZ,17.9586
000518.SZ,8.377
000519.SZ,7.9996
000520.SZ,6.855
000521.SZ,5.8682
000523.SZ,6.687
000524.SZ,4.9611
000525.SZ,8.3784
000526.SZ,2.471
000528.SZ,13.1799
000529.SZ,3.5383
000530.SZ,10.0754
000531.SZ,16.4503
000532.SZ,4.5296
000533.SZ,2.258
000534.SZ,4.2831
000536.SZ,3.673
000537.SZ,6.9467
000538.SZ,30.4426
000539.SZ,18.9022
000541.SZ,32.9585
000543.SZ,5.1025
000544.SZ,4.1036
000545.SZ,4.56
000546.SZ,1.847
000547.SZ,10.683
000548.SZ,3.6953
000550.SZ,3.9524
000551.SZ,9.5905
000552.SZ,8.1306
000553.SZ,4.214
000554.SZ,5.0523
000555.SZ,3.179
000557.SZ,7.3975
000558.SZ,5.957
000559.SZ,40.6859
000560.SZ,5.302
000561.SZ,2.5231
000563.SZ,18.8981
000564.SZ,7.182
000565.SZ,7.6654
000566.SZ,9.514
000567.SZ,16.033
000568.SZ,38.0381
000570.SZ,4.5871
000571.SZ,7.613
000572.SZ,4.656
000573.SZ,8.5597
000576.SZ,6.297
000581.SZ,6.5618
000582.SZ,5.5321
000586.SZ,3.698
000589.SZ,6.9974
000590.SZ,4.764
000591.SZ,15.3815
000592.SZ,6.375
000593.SZ,5.6
000595.SZ,4.958
000596.SZ,3.7686
000597.SZ,5.1027
000598.SZ,28.0554
000599.SZ,4.902
000600.SZ,7.529
000601.SZ,10.9488
000603.SZ,4.3216
000605.SZ,3.6165
000607.SZ,3.798
000608.SZ,11.125
000609.SZ,6.029
000610.SZ,3.017
000612.SZ,10.453
000615.SZ,9.093
000617.SZ,7.9758
000619.SZ,9.341
000620.SZ,2.284
000623.SZ,24.1707
000625.SZ,15.5361
000626.SZ,10.678
000628.SZ,3.1954
000629.SZ,7.789
000630.SZ,30.3727
000631.SZ,20.1856
000632.SZ,7.527
000633.SZ,7.479
000635.SZ,4.212
000636.SZ,17.9842
000637.SZ,17.272
000638.SZ,4.42
000639.SZ,10.906
000650.SZ,24.4989
000651.SZ,230.3931
000652.SZ,28.3008
000655.SZ,6.1772
000656.SZ,7.43
000657.SZ,5.7808
000659.SZ,16.527
000661.SZ,8.0015
000663.SZ,4.049
000665.SZ,5.766
000668.SZ,3.672
000669.SZ,3.651
000670.SZ,10.09
000672.SZ,9.2346
000676.SZ,10.804
000677.SZ,18.3
000678.SZ,4.96
000679.SZ,5.763
000680.SZ,5.7122
000681.SZ,5.0751
000682.SZ,16.2918
000683.SZ,8.6361
000685.SZ,17.487
000686.SZ,14.1399
000688.SZ,4.9735
000690.SZ,49.9673
000691.SZ,3.055
000692.SZ,12.19
000695.SZ,2.55
000697.SZ,3.8576
000698.SZ,3.07
000700.SZ,18.2322
000701.SZ,1.726
000702.SZ,2.553
000703.SZ,9.886
000705.SZ,5.6415
000707.SZ,3.1884
000708.SZ,4.4006
000709.SZ,11.4832
000710.SZ,3.497
000711.SZ,9.759
000712.SZ,13.16
000713.SZ,6.3182
000715.SZ,6.7567
000716.SZ,3.8659
000717.SZ,5.183
000718.SZ,9.1753
000719.SZ,5.5835
000720.SZ,7.26
000721.SZ,4.69
000722.SZ,4.0213
000723.SZ,6.815
000725.SZ,5.4272
000726.SZ,8.9196
000727.SZ,5.635
000728.SZ,2.9969
000729.SZ,8.503
000731.SZ,12.7133
000733.SZ,2.3131
000735.SZ,5.9026
000736.SZ,3.024
000737.SZ,3.7123
000738.SZ,1.8412
000739.SZ,13.5817
000750.SZ,13.5165
000751.SZ,3.4061
000752.SZ,4.771
000753.SZ,11.0823
000755.SZ,2.6964
000756.SZ,2.14
000757.SZ,4.024
000758.SZ,17.0262
000759.SZ,7.071
000761.SZ,2.398
000762.SZ,5.5284
000766.SZ,3.268
000767.SZ,10.762
000768.SZ,8.6127
000776.SZ,6.4448
000777.SZ,7.3241
000778.SZ,15.1717
000779.SZ,2.412
000782.SZ,3.46
000783.SZ,6.3679
000785.SZ,7.2587
000786.SZ,11.9279
000788.SZ,3.8518
000789.SZ,7.1065
000790.SZ,12.3632
000791.SZ,4.0814
000792.SZ,7.369
000793.SZ,12.769
000795.SZ,4.4632
000796.SZ,4.179
000797.SZ,6.834
000798.SZ,2.302
000799.SZ,2.1556
000800.SZ,2.7205
000801.SZ,15.0794
000802.SZ,3.328
000803.SZ,5.893
000807.SZ,7.388
000809.SZ,2.896
000810.SZ,5.6505
000811.SZ,21.1853
000812.SZ,7.4734
000813.SZ,3.929
000815.SZ,3.446
000816.SZ,7.31
000818.SZ,2.102
000819.SZ,8.4945
000820.SZ,1.925
000821.SZ,2.4968
000822.SZ,2.509
000823.SZ,3.061
000825.SZ,8.159
000826.SZ,8.322
000828.SZ,4.3628
000829.SZ,15.1839
000830.SZ,8.7901
000831.SZ,4.025
000833.SZ,2.0788
000837.SZ,4.0573
000838.SZ,13.129
000839.SZ,22.611
000848.SZ,28.9446
000850.SZ,9.3518
000852.SZ,5.479
000856.SZ,1.878
000858.SZ,20.4531
000859.SZ,3.722
000860.SZ,3.04
000862.SZ,2.698
000863.SZ,6.889
000868.SZ,6.73
000869.SZ,5.0457
000875.SZ,1.4917
000876.SZ,18.1999
000877.SZ,7.494
000878.SZ,3.1027
000880.SZ,5.7284
000881.SZ,5.007
000882.SZ,2.945
000883.SZ,5.9908
000885.SZ,2.215
000886.SZ,3.1649
000887.SZ,7.6233
000888.SZ,6.6232
000889.SZ,5.05
000890.SZ,3.602
000892.SZ,2.486
000893.SZ,2.035
000895.SZ,28.8259
000897.SZ,6.1727
000898.SZ,3.297
000899.SZ,3.8076
000900.SZ,15.4383
000901.SZ,6.547
000902.SZ,3.9041
000903.SZ,12.021
000905.SZ,2.7533
000906.SZ,5.6776
000908.SZ,2.83
000909.SZ,2.133
000910.SZ,2.7159
000911.SZ,1.889
000912.SZ,2.301
000913.SZ,3.0353
000915.SZ,3.9854
000917.SZ,8.0062
000919.SZ,3.9559
000920.SZ,3.3123
000921.SZ,1.5797
000922.SZ,2.892
000923.SZ,1.8584
000925.SZ,3.0299
000926.SZ,4.9603
000927.SZ,1.6131
000928.SZ,2.6026
000929.SZ,2.498
000930.SZ,6.346
000931.SZ,1.54
000932.SZ,2.6391
000933.SZ,15.1428
000935.SZ,3.25
000936.SZ,6.7363
000937.SZ,13.4698
000938.SZ,7.1399
000948.SZ,2.5825
000949.SZ,4.9337
000950.SZ,2.4956
000951.SZ,5.238
000952.SZ,2.568
000953.SZ,2.608
000955.SZ,2.46
000957.SZ,5.1861
000958.SZ,4.8492
000959.SZ,2.3635
000960.SZ,3.5687
000962.SZ,3.396
000963.SZ,13.4846
000965.SZ,2.8806
000966.SZ,4.0428
000967.SZ,5.7469
000968.SZ,1.9832
000969.SZ,7.0274
000970.SZ,18.0282
000972.SZ,3.266
000973.SZ,4.0331
000975.SZ,11.001
000977.SZ,6.6761
000978.SZ,3.133
000980.SZ,2.078
000981.SZ,8.802
000983.SZ,11.9546
000985.SZ,1.6902
000987.SZ,8.6786
000988.SZ,10.2135
000989.SZ,5.6295
000990.SZ,3.2046
000993.SZ,1.855
000995.SZ,1.686
000997.SZ,12.0752
000998.SZ,11.07
000999.SZ,3.898
001201.SZ,1.717
001202.SZ,1.3969
001203.SZ,1.085
001205.SZ,1.4336
001206.SZ,2.3435
001207.SZ,1.1102
001208.SZ,1.0263
001209.SZ,1.489
001210.SZ,1.8557
001211.SZ,1.0488
001212.SZ,1.8641
001213.SZ,1.0486
001215.SZ,1.0117
001216.SZ,1.0884
001217.SZ,1.0463
001218.SZ,1.583
001219.SZ,2.3593
001220.SZ,1.0
001221.SZ,1.0061
001222.SZ,1.4622
001223.SZ,1.4323
001225.SZ,1.1072
001226.SZ,1.0423
001227.SZ,1.183
001228.SZ,1.0746
001229.SZ,1.0521
001230.SZ,1.2577
001231.SZ,1.0263
001233.SZ,1.0327
001234.SZ,1.105
001236.SZ,1.0028
001238.SZ,1.0076
001239.SZ,1.0
001255.SZ,1.0103
001256.SZ,1.0327
001258.SZ,1.021
001259.SZ,1.025
001260.SZ,1.0394
001266.SZ,1.4625
001267.SZ,1.0382
001268.SZ,1.0504
001269.SZ,1.461
001270.SZ,1.832
001277.SZ,1.015
001278.SZ,1.0166
001279.SZ,1.0045
001280.SZ,1.0
001282.SZ,2.0084
001283.SZ,1.0259
001286.SZ,1.1168
001287.SZ,1.0152
001288.SZ,1.446
001289.SZ,1.0477
001296.SZ,1.9427
001298.SZ,3.1081
001299.SZ,1.4139
001300.SZ,1.0057
001301.SZ,1.0481
001306.SZ,1.0159
001308.SZ,1.8556
001309.SZ,2.5612
001311.SZ,2.3269
001313.SZ,1.0313
001314.SZ,1.022
001316.SZ,1.4839
001317.SZ,1.0174
001318.SZ,1.0414
001319.SZ,1.0633
001322.SZ,1.0417
001323.SZ,1.292
001324.SZ,1.0211
001325.SZ,1.0
001326.SZ,1.0459
001328.SZ,1.0586
001330.SZ,1.0
001331.SZ,2.4011
001332.SZ,1.5037
001333.SZ,1.0596
001335.SZ,1.004
001336.SZ,1.0172
001337.SZ,1.0299
001338.SZ,1.0386
001339.SZ,1.0074
001356.SZ,1.0027
001358.SZ,1.4787
001359.SZ,1.0232
001360.SZ,1.0254
001366.SZ,1.02
001367.SZ,2.2329
001368.SZ,1.1129
001369.SZ,1.0
001373.SZ,1.0113
001376.SZ,1.0257
001378.SZ,1.0562
001379.SZ,1.0193
001380.SZ,2.1598
001382.SZ,1.0116
001386.SZ,1.0127
001387.SZ,1.3407
001388.SZ,1.0124
001389.SZ,1.0155
001390.SZ,1.0
001391.SZ,1.0087
001395.SZ,1.0129
001396.SZ,1.0
001400.SZ,1.0108
001696.SZ,28.4563
001872.SZ,4.9884
001896.SZ,1.387
001914.SZ,8.8585
001965.SZ,1.332
001979.SZ,1.3788
002001.SZ,46.7997
002003.SZ,26.1845
002004.SZ,24.5751
002005.SZ,10.037
002006.SZ,7.9681
002007.SZ,45.328
002008.SZ,13.5223
002009.SZ,5.4052
002010.SZ,9.3803
002011.SZ,6.2
002012.SZ,5.291
002014.SZ,14.1896
002015.SZ,6.1705
002016.SZ,7.02
002017.SZ,8.5089
002019.SZ,14.9746
002020.SZ,12.9503
002021.SZ,11.601
002022.SZ,13.093
002023.SZ,10.292
002024.SZ,88.051
002025.SZ,6.694
002026.SZ,3.8826
002027.SZ,16.5332
002028.SZ,20.3977
002029.SZ,10.4196
002030.SZ,29.339
002031.SZ,14.861
002032.SZ,10.6307
002033.SZ,6.2238
002034.SZ,3.9143
002035.SZ,18.9089
002036.SZ,7.074
002037.SZ,4.177
002038.SZ,22.7579
002039.SZ,3.7866
002040.SZ,3.1645
002041.SZ,13.7097
002042.SZ,7.7109
002043.SZ,9.259
002044.SZ,9.7812
002045.SZ,5.777
002046.SZ,5.2391
002047.SZ,3.257
002048.SZ,8.4067
002049.SZ,6.2855
002050.SZ,15.4293
002051.SZ,5.6557
002052.SZ,6.818
002053.SZ,2.2752
002054.SZ,3.5471
002055.SZ,5.984
002056.SZ,9.9492
002057.SZ,6.1806
002058.SZ,2.386
002059.SZ,2.129
002060.SZ,4.4203
002061.SZ,3.5842
002062.SZ,10.6859
002063.SZ,18.0825
002064.SZ,12.5193
002065.SZ,32.0918
002066.SZ,3.2611
002067.SZ,2.7753
002068.SZ,5.953
002069.SZ,6.663
002072.SZ,1.107
002073.SZ,9.5998
002074.SZ,4.5556
002075.SZ,3.0213
002076.SZ,6.72
002077.SZ,1.47
002078.SZ,9.3436
002079.SZ,5.0038
002080.SZ,5.5049
002081.SZ,32.5618
002082.SZ,3.0291
002083.SZ,2.9
002084.SZ,3.356
002085.SZ,8.217
002086.SZ,4.127
002088.SZ,6.9803
002090.SZ,5.8876
002091.SZ,8.4315
002092.SZ,3.496
002093.SZ,12.4667
002094.SZ,5.304
002095.SZ,4.4726
002096.SZ,5.1374
002097.SZ,4.9524
002098.SZ,2.4052
002099.SZ,7.264
002100.SZ,12.8372
002101.SZ,4.3174
002102.SZ,9.212
002103.SZ,2.374
002104.SZ,6.9807
002105.SZ,1.728
002106.SZ,3.8603
002107.SZ,8.5014
002108.SZ,18.6747
002109.SZ,3.924
002110.SZ,2.479
002111.SZ,5.3781
002112.SZ,3.3903
002114.SZ,1.82
002115.SZ,6.24
002116.SZ,4.8934
002117.SZ,6.6972
002119.SZ,3.8092
002120.SZ,6.6886
002121.SZ,15.516
002122.SZ,8.472
002123.SZ,7.364
002124.SZ,16.486
002125.SZ,4.3318
002126.SZ,5.6847
002127.SZ,10.7407
002128.SZ,3.4023
002129.SZ,5.4952
002130.SZ,21.1073
002131.SZ,45.1446
002132.SZ,6.1699
002133.SZ,3.3069
002134.SZ,1.251
002135.SZ,3.3471
002136.SZ,2.175
002137.SZ,3.301
002138.SZ,7.0181
002139.SZ,17.191
002140.SZ,9.3017
002141.SZ,8.059
002142.SZ,2.4662
002144.SZ,1.1813
002145.SZ,4.5634
002146.SZ,12.035
002148.SZ,10.612
002149.SZ,3.3729
002150.SZ,6.0753
002151.SZ,5.858
002152.SZ,17.9943
002153.SZ,44.4222
002154.SZ,15.3018
002155.SZ,3.6056
002156.SZ,2.8168
002157.SZ,16.264
002158.SZ,4.4571
002159.SZ,1.5733
002160.SZ,2.11
002161.SZ,10.7622
002162.SZ,2.206
002163.SZ,4.664
002164.SZ,3.154
002165.SZ,8.0452
002166.SZ,7.5927
002167.SZ,7.859
002168.SZ,14.975
002169.SZ,8.1798
002170.SZ,8.6764
002171.SZ,5.5824
002172.SZ,3.012
002173.SZ,3.043
002174.SZ,3.1324
002175.SZ,6.466
002176.SZ,12.957
002177.SZ,8.9059
002178.SZ,6.538
002179.SZ,15.0223
002180.SZ,4.846
002181.SZ,2.3293
002182.SZ,4.7565
002183.SZ,15.2021
002184.SZ,3.3097
002185.SZ,10.5794
002186.SZ,2.377
002187.SZ,2.525
002188.SZ,1.978
002189.SZ,1.058
002190.SZ,2.661
002191.SZ,7.6904
002192.SZ,3.1349
002193.SZ,2.074
002194.SZ,3.9025
002195.SZ,30.336
002196.SZ,2.797
002197.SZ,4.09
002198.SZ,5.118
002199.SZ,2.632
002200.SZ,1.815
002201.SZ,7.3951
002202.SZ,8.3997
002203.SZ,3.9861
002204.SZ,4.9519
002205.SZ,2.103
002206.SZ,12.3766
002207.SZ,2.053
002208.SZ,5.6269
002209.SZ,1.5698
002210.SZ,10.352
002211.SZ,1.524
002212.SZ,3.2887
002213.SZ,2.1029
002214.SZ,5.13
002215.SZ,8.917
002216.SZ,10.4728
002217.SZ,5.723
002218.SZ,5.7162
002219.SZ,22.166
002221.SZ,4.397
002222.SZ,3.0136
002223.SZ,9.863
002224.SZ,7.1956
002225.SZ,1.996
002226.SZ,13.402
002227.SZ,2.077
002228.SZ,12.011
002229.SZ,5.186
002230.SZ,13.632
002232.SZ,3.1647
002233.SZ,3.5424
002234.SZ,2.18
002235.SZ,4.574
002236.SZ,48.4434
002237.SZ,8.5299
002238.SZ,3.3829
002239.SZ,9.1197
002240.SZ,1.674
002241.SZ,23.9332
002242.SZ,5.599
002243.SZ,1.8049
002244.SZ,6.6973
002245.SZ,13.9961
002246.SZ,1.6467
002247.SZ,6.487
002248.SZ,2.028
002249.SZ,13.9392
002250.SZ,6.1444
002251.SZ,4.961
002252.SZ,24.8389
002253.SZ,3.858
002254.SZ,6.433
002255.SZ,4.1819
002256.SZ,15.226
002258.SZ,5.6033
002259.SZ,2.585
002261.SZ,10.138
002262.SZ,9.008
002263.SZ,4.525
002264.SZ,4.792
002265.SZ,1.003
002266.SZ,11.8239
002267.SZ,3.1991
002268.SZ,8.6098
002269.SZ,4.487
002270.SZ,2.6297
002271.SZ,42.9622
002272.SZ,3.4929
002273.SZ,15.3462
002274.SZ,3.8207
002275.SZ,2.1358
002276.SZ,3.8736
002277.SZ,6.378
002278.SZ,2.2507
002279.SZ,9.994
002281.SZ,3.3738
002282.SZ,2.3016
002283.SZ,4.6885
002284.SZ,6.6867
002285.SZ,14.703
002286.SZ,3.7161
002287.SZ,1.6944
002289.SZ,1.524
002290.SZ,2.657
002291.SZ,1.726
002292.SZ,7.912
002293.SZ,9.6442
002294.SZ,11.9395
002295.SZ,1.6041
002296.SZ,5.281
002297.SZ,3.015
002298.SZ,3.144
002299.SZ,2.6972
002300.SZ,7.9791
002301.SZ,5.0165
002302.SZ,4.4579
002303.SZ,12.7291
002304.SZ,5.0476
002305.SZ,3.356
002306.SZ,4.174
002307.SZ,4.2078
002309.SZ,3.772
002310.SZ,46.53
002311.SZ,7.2814
002312.SZ,19.1485
002313.SZ,2.686
002314.SZ,2.393
002315.SZ,3.9664
002316.SZ,3.336
002317.SZ,11.4299
002318.SZ,6.4953
002319.SZ,2.051
002320.SZ,14.1738
002321.SZ,2.137
002322.SZ,5.8691
002323.SZ,7.759
002324.SZ,8.2991
002327.SZ,14.1288
002328.SZ,3.2418
002329.SZ,5.874
002330.SZ,2.0597
002331.SZ,5.4166
002332.SZ,2.8658
002333.SZ,3.7469
002334.SZ,12.1603
002335.SZ,5.932
002337.SZ,5.292
002338.SZ,3.2753
002339.SZ,5.5392
002340.SZ,24.734
002342.SZ,2.481
002343.SZ,3.201
002344.SZ,4.5703
002345.SZ,8.272
002346.SZ,2.422
002347.SZ,3.9419
002348.SZ,6.867
002349.SZ,8.1792
002350.SZ,4.925
002351.SZ,7.5828
002352.SZ,3.7689
002353.SZ,8.7254
002354.SZ,2.874
002355.SZ,2.086
002356.SZ,5.513
002357.SZ,4.5391
002358.SZ,8.5837
002360.SZ,7.2015
002361.SZ,9.9599
002362.SZ,2.0
002363.SZ,2.8993
002364.SZ,6.7245
002365.SZ,3.4527
002366.SZ,2.332
002367.SZ,9.5198
002368.SZ,5.6107
002369.SZ,4.294
002370.SZ,3.53
002371.SZ,6.4574
002372.SZ,9.7608
002373.SZ,4.1352
002374.SZ,6.631
002375.SZ,6.3278
002376.SZ,5.1435
002377.SZ,4.335
002378.SZ,2.8459
002379.SZ,8.017
002380.SZ,3.3568
002381.SZ,6.4328
002382.SZ,6.994
002383.SZ,4.798
002384.SZ,7.5827
002385.SZ,10.7326
002386.SZ,2.4575
002387.SZ,3.558
002388.SZ,3.859
002389.SZ,6.2554
002390.SZ,10.9774
002391.SZ,6.395
002392.SZ,8.6699
002393.SZ,1.7897
002394.SZ,5.2197
002395.SZ,3.3167
002396.SZ,3.3805
002397.SZ,12.913
002398.SZ,6.6492
002399.SZ,3.8734
002400.SZ,18.8804
002401.SZ,7.3751
002402.SZ,12.5448
002403.SZ,1.465
002404.SZ,6.0525
002405.SZ,4.007
002406.SZ,4.2484
002407.SZ,8.3784
002408.SZ,9.3283
002409.SZ,3.2559
002410.SZ,18.2767
002412.SZ,7.684
002413.SZ,4.964
002414.SZ,14.376
002415.SZ,23.8175
002416.SZ,3.5701
002418.SZ,4.997
002419.SZ,4.4253
002420.SZ,1.018
002421.SZ,18.588
002422.SZ,7.23
002423.SZ,1.0974
002424.SZ,10.813
002425.SZ,4.425
002426.SZ,5.267
002427.SZ,2.049
002428.SZ,5.3085
002429.SZ,9.5342
002430.SZ,2.4376
002431.SZ,9.844
002432.SZ,3.3571
002434.SZ,7.6381
002436.SZ,13.4776
002437.SZ,15.848
002438.SZ,4.306
002439.SZ,8.4178
002440.SZ,5.8791
002441.SZ,5.6786
002442.SZ,2.7047
002443.SZ,4.2886
002444.SZ,4.6037
002445.SZ,7.212
002446.SZ,4.972
002448.SZ,6.1092
002449.SZ,3.1187
002451.SZ,3.0717
002452.SZ,5.8664
002453.SZ,4.132
002454.SZ,3.0546
002455.SZ,6.3769
002456.SZ,20.444
002457.SZ,2.8433
002458.SZ,8.8004
002459.SZ,2.715
002460.SZ,14.1356
002461.SZ,2.2534
002462.SZ,1.861
002463.SZ,3.2398
002465.SZ,7.193
002466.SZ,8.411
002467.SZ,11.8961
002468.SZ,2.2613
002469.SZ,10.3674
002470.SZ,4.269
002471.SZ,7.0316
002472.SZ,5.2584
002474.SZ,6.273
002475.SZ,34.6301
002476.SZ,5.2613
002478.SZ,2.9251
002479.SZ,4.6175
002480.SZ,4.104
002481.SZ,18.8546
002482.SZ,8.477
002483.SZ,3.4511
002484.SZ,4.9693
002485.SZ,2.958
002486.SZ,4.197
002487.SZ,4.6812
002488.SZ,6.1791
002489.SZ,12.2984
002490.SZ,2.044
002491.SZ,4.203
002492.SZ,3.3792
002493.SZ,15.6271
002494.SZ,2.701
002495.SZ,9.7484
002496.SZ,14.262
002497.SZ,6.8367
002498.SZ,8.3795
002500.SZ,1.2734
002501.SZ,7.536
002506.SZ,5.097
002507.SZ,7.9686
002508.SZ,7.9796
002510.SZ,4.3936
002511.SZ,8.3241
002512.SZ,6.929
002513.SZ,2.981
002514.SZ,6.661
002515.SZ,11.2639
002516.SZ,9.4279
002517.SZ,6.4518
002518.SZ,5.8988
002519.SZ,11.977
002520.SZ,8.878
002521.SZ,3.7617
002522.SZ,8.6769
002523.SZ,7.5866
002524.SZ,4.586
002526.SZ,6.046
002527.SZ,2.792
002528.SZ,6.444
002529.SZ,1.299
002530.SZ,3.346
002531.SZ,8.3007
002532.SZ,8.4615
002533.SZ,5.7643
002534.SZ,2.3517
002535.SZ,3.529
002536.SZ,5.7468
002537.SZ,6.888
002538.SZ,5.3215
002539.SZ,6.738
002540.SZ,10.3487
002541.SZ,4.3991
002542.SZ,18.889
002543.SZ,5.926
002544.SZ,6.4264
002545.SZ,6.0751
002546.SZ,11.2499
002547.SZ,6.12
002548.SZ,4.884
002549.SZ,8.398
002550.SZ,10.6609
002551.SZ,8.3308
002552.SZ,3.2093
002553.SZ,4.9089
002554.SZ,7.1802
002555.SZ,14.8179
002556.SZ,6.2936
002557.SZ,3.7227
002558.SZ,4.5219
002559.SZ,7.5704
002560.SZ,4.3026
002561.SZ,1.4725
002562.SZ,6.896
002563.SZ,7.2698
002564.SZ,3.245
002565.SZ,8.5285
002566.SZ,3.2359
002567.SZ,5.306
002568.SZ,9.1149
002569.SZ,1.558
002570.SZ,2.579
002571.SZ,4.022
002572.SZ,22.6212
002573.SZ,8.5083
002574.SZ,2.3975
002575.SZ,4.485
002576.SZ,1.3907
002577.SZ,2.343
002578.SZ,5.275
002579.SZ,4.701
002580.SZ,4.2239
002581.SZ,2.887
002582.SZ,5.9687
002583.SZ,5.633
002584.SZ,2.6985
002585.SZ,3.9185
002586.SZ,6.196
002587.SZ,7.6451
002588.SZ,10.3031
002589.SZ,9.5629
002590.SZ,4.722
002591.SZ,3.465
002592.SZ,2.6389
002593.SZ,3.4719
002594.SZ,3.1499
002595.SZ,5.0282
002596.SZ,4.968
002597.SZ,5.4512
002598.SZ,2.4946
002599.SZ,3.5036
002600.SZ,4.4015
002601.SZ,11.79
002602.SZ,9.619
002603.SZ,4.2358
002605.SZ,4.9185
002606.SZ,4.2598
002607.SZ,8.245
002608.SZ,2.7944
002609.SZ,5.6826
002611.SZ,7.0192
002612.SZ,2.5533
002613.SZ,3.7765
002614.SZ,5.6491
002615.SZ,5.7753
002616.SZ,4.8387
002617.SZ,7.821
002620.SZ,4.067
002622.SZ,5.812
002623.SZ,1.0924
002624.SZ,3.7172
002625.SZ,6.7441
002626.SZ,8.4195
002627.SZ,3.4745
002628.SZ,3.833
002629.SZ,3.727
002630.SZ,5.905
002631.SZ,4.331
002632.SZ,6.7701
002633.SZ,1.523
002634.SZ,6.96
002635.SZ,5.1367
002636.SZ,2.7261
002637.SZ,4.656
002638.SZ,5.047
002639.SZ,3.088
002640.SZ,12.264
002641.SZ,6.5358
002642.SZ,4.631
002643.SZ,6.1231
002644.SZ,5.7361
002645.SZ,5.563
002646.SZ,1.1131
002647.SZ,3.8621
002648.SZ,12.9881
002649.SZ,5.2643
002650.SZ,8.224
002651.SZ,3.1714
002652.SZ,5.035
002653.SZ,3.3229
002654.SZ,6.222
002655.SZ,3.0672
002656.SZ,5.299
002657.SZ,3.637
002658.SZ,5.787
002659.SZ,2.029
002660.SZ,2.7415
002661.SZ,3.8389
002662.SZ,5.0905
002663.SZ,8.163
002664.SZ,3.178
002666.SZ,4.8791
002667.SZ,3.469
002668.SZ,4.94
002669.SZ,2.166
002670.SZ,2.333
002671.SZ,4.073
002672.SZ,6.223
002673.SZ,2.68
002674.SZ,1.4277
002675.SZ,5.2891
002676.SZ,4.6996
002677.SZ,5.0427
002678.SZ,2.792
002679.SZ,1.8129
002681.SZ,10.623
002682.SZ,2.606
002683.SZ,2.9306
002685.SZ,2.895
002686.SZ,4.7461
002687.SZ,6.895
002688.SZ,6.2132
002689.SZ,3.753
002690.SZ,5.7741
002691.SZ,1.729
002692.SZ,4.1972
002693.SZ,3.503
002694.SZ,4.097
002695.SZ,4.3897
002696.SZ,3.632
002697.SZ,8.3388
002698.SZ,2.9426
002700.SZ,6.1541
002701.SZ,10.235
002702.SZ,7.306
002703.SZ,2.5624
002705.SZ,2.1918
002706.SZ,12.8305
002707.SZ,12.155
002708.SZ,3.14
002709.SZ,14.5255
002712.SZ,5.207
002713.SZ,3.9441
002714.SZ,19.856
002715.SZ,1.5125
002716.SZ,3.816
002717.SZ,13.486
002718.SZ,2.705
002719.SZ,1.627
002721.SZ,3.046
002722.SZ,1.1091
002723.SZ,2.8729
002724.SZ,2.012
002725.SZ,2.703
002726.SZ,4.65
002727.SZ,2.3194
002728.SZ,5.1852
002729.SZ,2.8025
002730.SZ,2.3998
002731.SZ,1.7564
002732.SZ,1.1231
002733.SZ,2.4384
002734.SZ,3.6312
002735.SZ,3.4481
002736.SZ,1.3125
002737.SZ,5.7288
002738.SZ,3.1881
002739.SZ,3.04
002741.SZ,3.064
002742.SZ,4.7
002743.SZ,2.1625
002745.SZ,2.3725
002746.SZ,4.6903
002747.SZ,6.213
002748.SZ,2.1609
002749.SZ,7.9222
002752.SZ,2.1042
002753.SZ,3.8563
002755.SZ,1.8035
002756.SZ,3.1915
002757.SZ,2.7971
002758.SZ,4.4123
002759.SZ,2.656
002760.SZ,1.0274
002761.SZ,3.137
002762.SZ,5.6727
002763.SZ,2.7384
002765.SZ,2.084
002766.SZ,2.016
002767.SZ,1.5331
002768.SZ,3.2181
002769.SZ,5.137
002771.SZ,2.6727
002772.SZ,2.4519
002773.SZ,2.1105
002774.SZ,1.273
002775.SZ,4.706
002777.SZ,5.1012
002778.SZ,1.439
002779.SZ,2.135
002780.SZ,1.956
002782.SZ,2.7116
002783.SZ,4.4293
002785.SZ,1.002
002786.SZ,3.027
002787.SZ,2.1689
002788.SZ,3.4042
002789.SZ,1.727
002790.SZ,3.2215
002791.SZ,1.5697
002792.SZ,3.0872
002793.SZ,3.589
002795.SZ,4.126
002796.SZ,2.317
002797.SZ,1.6824
002798.SZ,3.082
002799.SZ,2.585
002800.SZ,2.0113
002801.SZ,4.4465
002802.SZ,2.1193
002803.SZ,3.2488
002805.SZ,2.122
002806.SZ,1.728
002807.SZ,1.6626
002808.SZ,2.305
002809.SZ,2.8221
002810.SZ,3.5429
002811.SZ,1.9209
002812.SZ,3.665
002813.SZ,1.01
002815.SZ,2.3755
002816.SZ,1.004
002817.SZ,3.6815
002818.SZ,2.7498
002819.SZ,1.3262
002820.SZ,1.8367
002821.SZ,3.0098
002822.SZ,2.077
002823.SZ,2.2161
002824.SZ,2.2178
002825.SZ,3.1271
002826.SZ,1.0484
002827.SZ,1.708
002828.SZ,1.7857
002829.SZ,2.448
002830.SZ,2.2314
002831.SZ,2.5843
002832.SZ,5.8124
002833.SZ,3.9287
002835.SZ,2.1433
002836.SZ,3.4534
002837.SZ,11.1562
002838.SZ,5.0852
002839.SZ,1.6039
002840.SZ,2.433
002841.SZ,1.7881
002842.SZ,2.8
002843.SZ,1.764
002845.SZ,2.8927
002846.SZ,2.643
002847.SZ,2.3554
002848.SZ,1.002
002849.SZ,2.164
002850.SZ,1.6021
002851.SZ,2.3356
002852.SZ,3.2543
002853.SZ,2.674
002855.SZ,1.021
002856.SZ,1.206
002857.SZ,1.6368
002858.SZ,2.012
002859.SZ,4.2793
002860.SZ,3.8127
002861.SZ,1.395
002862.SZ,2.1197
002863.SZ,1.7422
002864.SZ,1.0486
002865.SZ,1.465
002866.SZ,1.762
002867.SZ,3.1724
002868.SZ,1.373
002869.SZ,1.6729
002870.SZ,1.045
002871.SZ,3.9389
002872.SZ,1.521
002873.SZ,3.5122
002875.SZ,1.717
002876.SZ,1.8733
002877.SZ,2.8246
002878.SZ,3.192
002879.SZ,1.5559
002880.SZ,2.2157
002881.SZ,2.2476
002882.SZ,1.1519
002883.SZ,3.0301
002884.SZ,5.9477
002885.SZ,3.2037
002886.SZ,2.5971
002887.SZ,4.65
002888.SZ,1.9108
002889.SZ,2.8286
002890.SZ,2.6519
002891.SZ,2.6492
002892.SZ,8.4946
002893.SZ,1.7667
002895.SZ,1.2171
002896.SZ,2.3198
002897.SZ,1.6534
002898.SZ,1.1255
002899.SZ,1.0263
002900.SZ,1.7549
002901.SZ,1.0838
002902.SZ,1.514
002903.SZ,1.5874
002905.SZ,2.327
002906.SZ,1.0721
002907.SZ,1.0281
002908.SZ,3.0974
002909.SZ,3.0745
002910.SZ,1.025
002911.SZ,2.941
002912.SZ,2.6883
002913.SZ,2.2659
002915.SZ,2.194
002916.SZ,2.3587
002917.SZ,2.5432
002918.SZ,2.9018
002919.SZ,3.4198
002920.SZ,1.0537
002921.SZ,1.444
002922.SZ,1.9099
002923.SZ,3.8059
002925.SZ,2.1057
002926.SZ,1.068
002927.SZ,2.5412
002928.SZ,2.295
002929.SZ,1.0422
002930.SZ,2.0641
002931.SZ,2.3372
002932.SZ,4.005
002933.SZ,1.0375
002935.SZ,4.1289
002936.SZ,1.4218
002937.SZ,1.7604
002938.SZ,1.1502
002939.SZ,1.1065
002940.SZ,2.3047
002941.SZ,1.0589
002942.SZ,1.4541
002943.SZ,1.724
002945.SZ,1.0238
002946.SZ,1.0618
002947.SZ,1.8349
002948.SZ,1.4229
002949.SZ,1.1953
002950.SZ,1.6608
002951.SZ,1.1767
002952.SZ,2.4701
002953.SZ,2.4823
002955.SZ,1.923
002956.SZ,3.1041
002957.SZ,1.0554
002958.SZ,1.2091
002959.SZ,1.4165
002960.SZ,3.3356
002961.SZ,1.1039
002962.SZ,1.5668
002963.SZ,1.0252
002965.SZ,1.3837
002966.SZ,1.4388
002967.SZ,1.7012
002968.SZ,3.5506
002969.SZ,1.0895
002970.SZ,2.1495
002971.SZ,1.3388
002972.SZ,1.6226
002973.SZ,1.0427
002975.SZ,2.0573
002976.SZ,1.23
002977.SZ,1.7258
002978.SZ,1.1668
002979.SZ,1.5556
002980.SZ,1.6311
002981.SZ,1.4495
002982.SZ,2.0169
002983.SZ,1.6633
002984.SZ,1.4915
002985.SZ,2.2804
002986.SZ,2.9724
002987.SZ,5.5737
002988.SZ,1.0521
002989.SZ,1.316
002990.SZ,2.091
002991.SZ,1.161
002992.SZ,1.322
002993.SZ,1.4363
002995.SZ,2.807
002996.SZ,1.347
002997.SZ,1.0594
002998.SZ,1.1385
002999.SZ,1.5133
003000.SZ,1.1207
003001.SZ,1.8841
003002.SZ,1.0801
003003.SZ,1.0527
003004.SZ,1.036
003005.SZ,2.0243
003006.SZ,1.1079
003007.SZ,1.3368
003008.SZ,1.5081
003009.SZ,1.0084
003010.SZ,2.8183
003011.SZ,1.5707
003012.SZ,1.1469
003013.SZ,1.155
003015.SZ,1.082
003016.SZ,1.164
003017.SZ,1.5497
003018.SZ,1.1066
003019.SZ,1.4664
003020.SZ,2.2116
003021.SZ,2.3071
003022.SZ,1.3426
003023.SZ,1.4264
003025.SZ,3.8112
003026.SZ,1.3438
003027.SZ,1.5931
003028.SZ,1.3699
003029.SZ,1.016
003030.SZ,1.0402
003031.SZ,2.8008
003032.SZ,1.005
003033.SZ,1.0776
003035.SZ,1.0109
003036.SZ,1.0782
003037.SZ,1.0419
003038.SZ,1.742
003039.SZ,1.045
003040.SZ,1.0301
003041.SZ,1.5775
003042.SZ,1.317
003043.SZ,1.4341
003816.SZ,1.1675
300001.SZ,7.0364
300002.SZ,15.7258
300003.SZ,4.751
300004.SZ,4.075
300005.SZ,12.1808
300006.SZ,7.67
300007.SZ,4.2409
300008.SZ,11.498
300009.SZ,20.0928
300010.SZ,5.516
300011.SZ,8.409
300012.SZ,19.908
300013.SZ,4.602
300014.SZ,18.379
300015.SZ,65.869
300016.SZ,7.5911
300017.SZ,25.0865
300018.SZ,6.7954
300019.SZ,7.8742
300020.SZ,6.866
300021.SZ,11.4247
300022.SZ,4.054
300024.SZ,23.724
300025.SZ,7.955
300026.SZ,49.8875
300027.SZ,15.103
300029.SZ,1.023
300030.SZ,4.124
300031.SZ,6.8538
300032.SZ,4.231
300033.SZ,9.3348
300034.SZ,6.1208
300035.SZ,8.8688
300036.SZ,5.385
300037.SZ,6.6172
300039.SZ,12.2455
300040.SZ,6.3373
300041.SZ,8.1848
300042.SZ,3.188
300043.SZ,21.1629
300044.SZ,7.624
300045.SZ,8.199
300046.SZ,4.395
300047.SZ,5.2553
300048.SZ,8.319
300049.SZ,3.637
300050.SZ,8.337
300051.SZ,6.285
300052.SZ,2.687
300053.SZ,5.123
300054.SZ,12.9517
300055.SZ,8.0798
300056.SZ,5.971
300057.SZ,2.6406
300058.SZ,27.0302
300059.SZ,81.4661
300061.SZ,5.378
300062.SZ,6.805
300063.SZ,7.861
300065.SZ,8.767
300066.SZ,21.7592
300067.SZ,8.2781
300068.SZ,2.6134
300069.SZ,2.011
300070.SZ,18.882
300071.SZ,11.13
300072.SZ,20.403
300073.SZ,4.2959
300074.SZ,13.441
300075.SZ,8.483
300076.SZ,8.312
300077.SZ,5.149
300078.SZ,12.695
300079.SZ,12.6408
300080.SZ,2.637
300081.SZ,5.073
300082.SZ,8.274
300083.SZ,8.23
300084.SZ,4.494
300085.SZ,10.985
300086.SZ,4.913
300087.SZ,17.6424
300088.SZ,18.2329
300091.SZ,13.5567
300092.SZ,2.7376
300093.SZ,1.823
300094.SZ,2.457
300095.SZ,4.2596
300096.SZ,5.124
300097.SZ,3.65
300098.SZ,15.394
300099.SZ,15.8714
300100.SZ,5.0837
300101.SZ,8.207
300102.SZ,5.4479
300103.SZ,5.085
300105.SZ,6.7812
300106.SZ,1.525
300107.SZ,9.8908
300109.SZ,7.3259
300110.SZ,5.5149
300111.SZ,2.244
300112.SZ,4.002
300113.SZ,11.8763
300115.SZ,12.3415
300118.SZ,3.492
300119.SZ,6.3366
300120.SZ,3.424
300121.SZ,6.7477
300122.SZ,6.6618
300123.SZ,6.066
300124.SZ,24.9308
300125.SZ,4.575
300126.SZ,3.8982
300127.SZ,2.7087
300128.SZ,9.961
300129.SZ,6.3116
300130.SZ,7.5861
300131.SZ,18.532
300132.SZ,6.122
300133.SZ,25.8945
300134.SZ,4.327
300135.SZ,12.37
300136.SZ,13.2851
300137.SZ,4.602
300138.SZ,5.2209
300139.SZ,5.161
300140.SZ,4.3053
300141.SZ,4.715
300142.SZ,14.443
300143.SZ,4.251
300144.SZ,15.8533
300145.SZ,19.552
300146.SZ,32.9084
300147.SZ,5.254
300148.SZ,5.894
300149.SZ,6.558
300150.SZ,4.822
300151.SZ,8.4757
300152.SZ,6.887
300153.SZ,4.371
300154.SZ,5.712
300155.SZ,8.263
300157.SZ,6.137
300158.SZ,5.887
300159.SZ,18.378
300160.SZ,7.785
300161.SZ,1.5506
300162.SZ,5.29
300163.SZ,6.352
300164.SZ,6.251
300165.SZ,6.732
300166.SZ,18.683
300167.SZ,6.974
300168.SZ,8.19
300169.SZ,3.084
300170.SZ,6.6711
300171.SZ,9.1898
300172.SZ,7.3472
300173.SZ,5.327
300174.SZ,3.9566
300175.SZ,4.467
300176.SZ,4.574
300177.SZ,12.276
300179.SZ,7.186
300180.SZ,7.028
300181.SZ,8.2352
300182.SZ,30.863
300183.SZ,5.2198
300184.SZ,8.713
300185.SZ,8.9686
300187.SZ,10.0969
300188.SZ,13.443
300189.SZ,6.505
300190.SZ,11.6932
300191.SZ,4.098
300192.SZ,3.7767
300193.SZ,3.1696
300194.SZ,6.6727
300195.SZ,3.339
300196.SZ,3.7125
300197.SZ,31.695
300198.SZ,10.195
300199.SZ,8.33
300200.SZ,4.0964
300201.SZ,10.8171
300203.SZ,1.0686
300204.SZ,7.842
300205.SZ,5.712
300206.SZ,7.0895
300207.SZ,7.0674
300209.SZ,3.9539
300210.SZ,5.977
300211.SZ,6.541
300212.SZ,8.551
300213.SZ,6.5355
300214.SZ,3.4069
300215.SZ,18.8482
300217.SZ,13.4208
300218.SZ,2.3128
300219.SZ,5.4969
300220.SZ,4.344
300221.SZ,4.212
300222.SZ,6.393
300223.SZ,2.6621
300224.SZ,5.0248
300225.SZ,7.934
300226.SZ,8.0496
300227.SZ,5.5611
300228.SZ,6.5911
300229.SZ,5.369
300230.SZ,7.4961
300231.SZ,11.0591
300232.SZ,10.1345
300233.SZ,2.3338
300234.SZ,6.1344
300235.SZ,5.6387
300236.SZ,2.593
300237.SZ,17.093
300238.SZ,4.074
300239.SZ,5.4945
300240.SZ,3.629
300241.SZ,4.0979
300242.SZ,5.154
300243.SZ,4.5899
300244.SZ,10.548
300245.SZ,4.079
300246.SZ,5.9753
300247.SZ,6.305
300248.SZ,10.4281
300249.SZ,5.106
300250.SZ,4.204
300251.SZ,27.1357
300252.SZ,4.976
300253.SZ,35.4834
300254.SZ,1.496
300255.SZ,7.922
300256.SZ,4.594
300257.SZ,6.6103
300258.SZ,4.6499
300259.SZ,16.5901
300260.SZ,5.636
300261.SZ,9.3773
300263.SZ,8.4924
300264.SZ,4.141
300265.SZ,2.6437
300266.SZ,19.148
300267.SZ,10.479
300268.SZ,2.027
300269.SZ,4.233
300270.SZ,6.701
300271.SZ,8.523
300272.SZ,6.3943
300274.SZ,9.8233
300275.SZ,4.6617
300276.SZ,16.472
300277.SZ,5.4714
300278.SZ,4.37
300279.SZ,5.773
300281.SZ,6.3659
300283.SZ,6.284
300284.SZ,4.0732
300285.SZ,12.6814
300286.SZ,7.1849
300287.SZ,12.397
300288.SZ,6.1541
300289.SZ,2.591
300290.SZ,6.258
300291.SZ,8.145
300292.SZ,9.413
300293.SZ,4.759
300294.SZ,4.9656
300295.SZ,3.869
300296.SZ,19.7538
300298.SZ,6.4336
300299.SZ,8.101
300300.SZ,6.662
300301.SZ,5.572
300302.SZ,6.909
300303.SZ,17.0477
300304.SZ,8.6553
300305.SZ,4.0297
300306.SZ,4.79
300307.SZ,2.2653
300308.SZ,6.5961
300310.SZ,7.701
300311.SZ,7.347
300313.SZ,2.027
300314.SZ,3.9664
300315.SZ,12.246
300316.SZ,9.6565
300317.SZ,2.767
300318.SZ,6.444
300319.SZ,8.1612
300320.SZ,8.6502
300321.SZ,2.1699
300322.SZ,4.433
300323.SZ,3.466
300324.SZ,25.015
300326.SZ,11.4335
300327.SZ,3.1316
300328.SZ,5.589
300329.SZ,3.7521
300331.SZ,3.088
300332.SZ,2.1179
300333.SZ,3.336
300334.SZ,2.265
300335.SZ,2.7539
300337.SZ,4.4822
300338.SZ,4.396
300339.SZ,6.3329
300340.SZ,3.678
300341.SZ,4.3495
300342.SZ,4.4601
300343.SZ,13.801
300344.SZ,4.743
300345.SZ,4.308
300346.SZ,13.4286
300347.SZ,12.8399
300348.SZ,11.7262
300349.SZ,6.6591
300350.SZ,3.645
300351.SZ,4.535
300352.SZ,19.287
300353.SZ,6.544
300354.SZ,3.3122
300355.SZ,10.2733
300357.SZ,5.6232
300358.SZ,5.4183
300359.SZ,8.32
300360.SZ,7.1834
300363.SZ,4.102
300364.SZ,4.982
300365.SZ,11.116
300366.SZ,6.073
300368.SZ,8.151
300369.SZ,8.312
300370.SZ,16.472
300371.SZ,4.7966
300373.SZ,5.4979
300374.SZ,2.188
300375.SZ,6.8464
300376.SZ,23.9161
300377.SZ,10.9753
300378.SZ,2.339
300380.SZ,2.0694
300381.SZ,6.5683
300382.SZ,11.8276
300383.SZ,20.6432
300384.SZ,6.1417
300385.SZ,3.934
300386.SZ,4.516
300387.SZ,4.2471
300388.SZ,6.255
300389.SZ,5.0028
300390.SZ,9.2257
300393.SZ,6.3099
300394.SZ,9.9205
300395.SZ,7.2401
300396.SZ,5.2872
300397.SZ,3.61
300398.SZ,5.6875
300399.SZ,2.5081
300400.SZ,3.3968
300401.SZ,5.3171
300402.SZ,1.0639
300403.SZ,6.1011
300404.SZ,4.7698
300405.SZ,3.836
300406.SZ,4.6289
300407.SZ,4.2387
300408.SZ,4.4336
300409.SZ,5.94
300410.SZ,4.902
300411.SZ,3.623
300412.SZ,8.3086
300413.SZ,1.7681
300414.SZ,3.8969
300415.SZ,4.3181
300416.SZ,6.9824
300417.SZ,3.696
300418.SZ,4.0482
300419.SZ,7.691
300420.SZ,9.393
300421.SZ,2.7197
300422.SZ,5.144
300423.SZ,3.383
300424.SZ,1.827
300425.SZ,8.6789
300426.SZ,5.036
300427.SZ,3.331
300428.SZ,3.9598
300429.SZ,6.063
300430.SZ,3.9215
300432.SZ,11.4597
300433.SZ,6.0682
300434.SZ,3.7727
300435.SZ,3.2437
300436.SZ,2.027
300437.SZ,2.932
300438.SZ,4.602
300439.SZ,3.2306
300440.SZ,4.2675
300441.SZ,7.437
300443.SZ,4.3215
300444.SZ,4.048
300445.SZ,5.0532
300446.SZ,3.5522
300447.SZ,3.4735
300448.SZ,7.868
300449.SZ,3.628
300450.SZ,20.6664
300451.SZ,17.954
300452.SZ,5.7573
300453.SZ,7.1946
300454.SZ,1.0057
300455.SZ,3.7582
300456.SZ,5.778
300457.SZ,5.878
300458.SZ,5.3343
300459.SZ,13.77
300460.SZ,1.423
300461.SZ,1.822
300462.SZ,2.069
300463.SZ,3.3095
300464.SZ,2.544
300465.SZ,3.23
300466.SZ,5.421
300467.SZ,4.017
300468.SZ,4.9932
300469.SZ,3.074
300470.SZ,4.1045
300471.SZ,5.128
300472.SZ,2.435
300473.SZ,1.058
300474.SZ,3.0548
300475.SZ,2.2842
300476.SZ,4.9349
300477.SZ,6.453
300478.SZ,1.929
300479.SZ,2.026
300480.SZ,3.4885
300481.SZ,3.5411
300482.SZ,5.0871
300483.SZ,1.813
300484.SZ,4.3722
300485.SZ,4.271
300486.SZ,2.28
300487.SZ,6.018
300488.SZ,2.7992
300489.SZ,3.01
300490.SZ,2.042
300491.SZ,1.8458
300492.SZ,2.4816
300493.SZ,3.9146
300494.SZ,3.699
300496.SZ,4.0287
300497.SZ,6.062
300498.SZ,2.1643
300499.SZ,4.15
300500.SZ,2.7775
300501.SZ,3.2043
300502.SZ,11.9444
300503.SZ,2.5657
300504.SZ,1.074
300505.SZ,2.059
300506.SZ,4.844
300507.SZ,10.9734
300508.SZ,1.9789
300509.SZ,4.3701
300510.SZ,6.221
300511.SZ,3.0
300512.SZ,3.4174
300513.SZ,2.9616
300514.SZ,2.1465
300515.SZ,2.2172
300516.SZ,1.5582
300517.SZ,1.8561
300518.SZ,1.979
300519.SZ,2.493
300520.SZ,2.251
300521.SZ,1.8195
300522.SZ,5.1803
300523.SZ,2.737
300525.SZ,9.3284
300527.SZ,2.005
300528.SZ,1.214
300529.SZ,2.1646
300530.SZ,2.407
300531.SZ,3.5796
300532.SZ,5.5936
300533.SZ,2.6329
300534.SZ,3.5524
300535.SZ,1.7428
300536.SZ,3.206
300537.SZ,1.633
300538.SZ,2.773
300539.SZ,2.3353
300540.SZ,2.1205
300541.SZ,3.4419
300542.SZ,3.4028
300543.SZ,4.7451
300545.SZ,2.0715
300546.SZ,3.3374
300547.SZ,4.3266
300548.SZ,2.8056
300549.SZ,2.1571
300550.SZ,2.7872
300551.SZ,4.086
300552.SZ,1.895
300553.SZ,1.7354
300554.SZ,1.829
300555.SZ,2.523
300556.SZ,1.03
300557.SZ,1.7635
300558.SZ,1.0283
300559.SZ,5.8783
300560.SZ,2.7747
300561.SZ,6.1132
300562.SZ,3.4267
300563.SZ,1.9978
300564.SZ,1.9559
300565.SZ,1.32
300566.SZ,3.0644
300567.SZ,3.116
300568.SZ,7.3393
300569.SZ,8.819
300570.SZ,2.0491
300571.SZ,3.068
300572.SZ,2.947
300573.SZ,2.9801
300575.SZ,6.7328
300576.SZ,4.1786
300577.SZ,3.4502
300578.SZ,1.843
300579.SZ,3.4634
300580.SZ,2.3944
300581.SZ,11.793
300582.SZ,2.3361
300583.SZ,1.6771
300584.SZ,1.5786
300585.SZ,2.049
300586.SZ,6.359
300587.SZ,8.6433
300588.SZ,1.613
300589.SZ,4.0123
300590.SZ,5.8701
300591.SZ,1.311
300592.SZ,1.4475
300593.SZ,4.196
300594.SZ,1.0235
300595.SZ,12.8781
300596.SZ,1.5981
300597.SZ,1.012
300598.SZ,2.557
300599.SZ,1.117
300600.SZ,2.981
300601.SZ,2.5186
300602.SZ,4.7835
300603.SZ,2.579
300604.SZ,6.9761
300605.SZ,1.9952
300606.SZ,1.5901
300607.SZ,5.387
300608.SZ,3.831
300609.SZ,1.053
300610.SZ,2.4065
300611.SZ,2.0982
300612.SZ,2.289
300613.SZ,5.2206
300614.SZ,1.003
300615.SZ,2.4602
300616.SZ,2.1195
300617.SZ,2.1227
300618.SZ,2.3343
300619.SZ,1.7251
300620.SZ,2.3345
300621.SZ,1.5428
300622.SZ,3.0041
300623.SZ,7.182
300624.SZ,2.275
300625.SZ,1.3508
300626.SZ,1.8224
300627.SZ,5.9182
300628.SZ,20.2698
300629.SZ,2.6034
300631.SZ,1.6935
300632.SZ,2.1825
300633.SZ,1.0242
300634.SZ,1.0357
300635.SZ,1.6192
300636.SZ,3.945
300637.SZ,1.983
300638.SZ,8.8058
300639.SZ,7.197
300640.SZ,2.9826
300641.SZ,1.8679
300642.SZ,2.8919
300643.SZ,1.0643
300644.SZ,1.8204
300645.SZ,1.9478
300647.SZ,2.731
300648.SZ,2.012
300649.SZ,2.0738
300650.SZ,3.0099
300651.SZ,1.7701
300652.SZ,1.451
300653.SZ,2.5433
300654.SZ,3.4882
300655.SZ,9.0743
300656.SZ,2.705
300657.SZ,3.456
300658.SZ,2.95
300659.SZ,2.619
300660.SZ,4.9323
300661.SZ,9.8154
300662.SZ,1.032
300663.SZ,3.382
300664.SZ,1.6536
300665.SZ,2.281
300666.SZ,1.0193
300667.SZ,2.341
300668.SZ,2.71
300669.SZ,2.0881
300670.SZ,2.74
300671.SZ,1.835
300672.SZ,1.6375
300673.SZ,2.8303
300674.SZ,1.7159
300675.SZ,1.0346
300676.SZ,1.036
300677.SZ,5.834
300678.SZ,2.7411
300679.SZ,3.7338
300680.SZ,2.627
300681.SZ,2.9051
300682.SZ,1.6078
300683.SZ,1.022
300684.SZ,3.3758
300685.SZ,5.0719
300686.SZ,1.621
300687.SZ,4.4883
300688.SZ,2.132
300689.SZ,1.735
300690.SZ,2.7684
300691.SZ,2.7241
300692.SZ,2.9659
300693.SZ,3.5812
300694.SZ,1.0295
300695.SZ,1.5949
300696.SZ,4.131
300697.SZ,3.0629
300698.SZ,1.0079
300699.SZ,2.4521
300700.SZ,3.329
300701.SZ,3.6304
300702.SZ,2.7576
300703.SZ,2.5402
300705.SZ,4.1653
300706.SZ,1.8108
300707.SZ,2.0552
300708.SZ,2.676
300709.SZ,1.9356
300710.SZ,1.466
300711.SZ,1.7972
300712.SZ,1.342
300713.SZ,2.975
300715.SZ,3.944
300716.SZ,1.521
300717.SZ,1.7217
300718.SZ,3.4583
300719.SZ,1.6147
300720.SZ,2.9712
300721.SZ,1.9633
300722.SZ,3.6597
300723.SZ,2.765
300724.SZ,1.0566
300725.SZ,2.6073
300726.SZ,1.0854
300727.SZ,1.7885
300729.SZ,3.0063
300730.SZ,2.596
300731.SZ,1.4402
300732.SZ,4.936
300733.SZ,1.6548
300735.SZ,2.0421
300736.SZ,2.466
300737.SZ,1.9971
300738.SZ,12.0785
300739.SZ,2.5521
300740.SZ,2.603
300741.SZ,1.4099
300743.SZ,2.3857
300745.SZ,1.005
300746.SZ,1.107
300747.SZ,4.4707
300748.SZ,2.7343
300749.SZ,1.875
300750.SZ,1.9194
300751.SZ,4.8333
300752.SZ,2.635
300753.SZ,1.6173
300755.SZ,2.0253
300756.SZ,3.6473
300757.SZ,1.8465
300758.SZ,3.3116
300759.SZ,2.332
300760.SZ,1.1136
300761.SZ,2.0282
300762.SZ,4.125
300763.SZ,4.5545
300765.SZ,6.1065
300766.SZ,1.013
300767.SZ,3.051
300768.SZ,1.5423
300769.SZ,5.291
300770.SZ,2.321
300771.SZ,2.6468
300772.SZ,1.8649
300773.SZ,2.3096
300774.SZ,1.0803
300775.SZ,1.0286
300776.SZ,4.2439
300777.SZ,1.0232
300778.SZ,2.279
300779.SZ,1.4297
300780.SZ,1.032
300781.SZ,2.0045
300782.SZ,5.259
300783.SZ,1.0444
300784.SZ,1.0114
300785.SZ,3.5012
300786.SZ,2.946
300787.SZ,4.3016
300788.SZ,1.0937
300789.SZ,3.2311
300790.SZ,2.8183
300791.SZ,4.161
300792.SZ,2.7903
300793.SZ,1.6673
300795.SZ,3.2306
300796.SZ,2.563
300797.SZ,1.5585
300798.SZ,1.0174
300800.SZ,3.1902
300801.SZ,1.9682
300802.SZ,2.6582
300803.SZ,1.4544
300804.SZ,1.022
300805.SZ,1.0163
300806.SZ,3.6352
300807.SZ,1.018
300808.SZ,1.035
300809.SZ,1.6622
300810.SZ,1.5107
300811.SZ,4.6334
300812.SZ,1.839
300813.SZ,2.1635
300814.SZ,1.0231
300815.SZ,3.1554
300816.SZ,1.0179
300817.SZ,2.8026
300818.SZ,2.1664
300819.SZ,1.6203
300820.SZ,3.5288
300821.SZ,1.0815
300822.SZ,3.0656
300823.SZ,1.5998
300824.SZ,1.6433
300825.SZ,1.5
300826.SZ,1.9395
300827.SZ,6.5564
300829.SZ,1.6304
300830.SZ,1.0194
300831.SZ,1.0121
300832.SZ,2.0568
300833.SZ,1.6646
300834.SZ,1.0991
300835.SZ,1.7656
300836.SZ,1.9209
300837.SZ,1.0505
300838.SZ,1.0752
300839.SZ,2.421
300840.SZ,1.0188
300841.SZ,2.406
300842.SZ,1.4278
300843.SZ,1.0214
300844.SZ,2.2399
300845.SZ,2.3814
300846.SZ,1.002
300847.SZ,1.5451
300848.SZ,5.9728
300849.SZ,1.528
300850.SZ,2.9346
300851.SZ,1.0819
300852.SZ,2.6131
300853.SZ,1.873
300854.SZ,1.0281
300855.SZ,2.0238
300856.SZ,4.5383
300857.SZ,1.4165
300858.SZ,2.8781
300859.SZ,1.0207
300860.SZ,2.7406
300861.SZ,1.8003
300862.SZ,1.4245
300863.SZ,3.0238
300864.SZ,3.6996
300865.SZ,1.018
300866.SZ,1.4171
300867.SZ,1.0245
300868.SZ,1.0142
300869.SZ,1.0581
300870.SZ,1.0321
300871.SZ,1.6136
300872.SZ,1.8302
300873.SZ,1.7253
300875.SZ,1.314
300876.SZ,1.039
300877.SZ,1.0426
300878.SZ,1.9067
300879.SZ,1.0094
300880.SZ,1.5618
300881.SZ,1.18
300882.SZ,1.9135
300883.SZ,1.0064
300884.SZ,2.2634
300885.SZ,3.2557
300886.SZ,1.3176
300887.SZ,6.3894
300888.SZ,1.5529
300889.SZ,1.418
300890.SZ,1.012
300891.SZ,1.0201
300892.SZ,1.0146
300893.SZ,4.5829
300894.SZ,1.092
300895.SZ,1.457
300896.SZ,2.6608
300897.SZ,2.274
300898.SZ,1.0709
300899.SZ,1.0649
300900.SZ,1.419
300901.SZ,1.039
300902.SZ,1.443
300903.SZ,1.81
300904.SZ,1.017
300905.SZ,2.1781
300906.SZ,1.077
300907.SZ,1.0885
300908.SZ,1.6115
300909.SZ,1.5429
300910.SZ,2.0911
300911.SZ,1.8283
300912.SZ,1.005
300913.SZ,2.5655
300915.SZ,2.2186
300916.SZ,3.5243
300917.SZ,1.7504
300918.SZ,1.0608
300919.SZ,1.4748
300920.SZ,1.0653
300921.SZ,2.6493
300922.SZ,1.4679
300923.SZ,1.0834
300925.SZ,2.9363
300926.SZ,2.6658
300927.SZ,1.8678
300928.SZ,1.02
300929.SZ,1.6267
300930.SZ,1.0219
300931.SZ,1.03
300932.SZ,2.7098
300933.SZ,1.018
300935.SZ,1.444
300936.SZ,1.0499
300937.SZ,1.0236
300938.SZ,3.51
300939.SZ,1.599
300940.SZ,1.61
300941.SZ,1.5538
300942.SZ,1.0162
300943.SZ,1.5559
300945.SZ,1.0429
300946.SZ,2.4213
300947.SZ,2.903
300948.SZ,1.523
300949.SZ,1.0
300950.SZ,1.5511
300951.SZ,2.334
300952.SZ,1.0426
300953.SZ,1.4006
300955.SZ,1.0897
300956.SZ,1.4746
300957.SZ,1.0399
300958.SZ,1.035
300959.SZ,1.0428
300960.SZ,1.5669
300961.SZ,1.003
300962.SZ,1.0722
300963.SZ,3.9448
300964.SZ,1.0255
300965.SZ,1.0235
300966.SZ,1.006
300967.SZ,1.0268
300968.SZ,1.0589
300969.SZ,1.431
300970.SZ,2.066
300971.SZ,1.4908
300972.SZ,1.0218
300973.SZ,1.0549
300975.SZ,1.5184
300976.SZ,2.6895
300977.SZ,3.539
300978.SZ,1.1087
300979.SZ,1.1414
300980.SZ,1.5683
300981.SZ,3.0783
300982.SZ,1.3029
300983.SZ,2.258
300984.SZ,2.3396
300985.SZ,1.429
300986.SZ,3.0136
300987.SZ,1.3482
300988.SZ,1.8781
300989.SZ,3.544
300990.SZ,3.437
300991.SZ,1.6341
300992.SZ,1.0149
300993.SZ,2.4825
300994.SZ,1.3503
300995.SZ,1.0405
300996.SZ,3.2578
300997.SZ,1.0805
300998.SZ,1.016
300999.SZ,1.0126
301000.SZ,5.0627
301001.SZ,1.0281
301002.SZ,1.369
301003.SZ,2.0003
301004.SZ,1.5883
301005.SZ,2.4155
301006.SZ,1.0849
301007.SZ,1.0413
301008.SZ,1.7715
301009.SZ,1.021
301010.SZ,1.0438
301011.SZ,1.7353
301012.SZ,1.9823
301013.SZ,1.5113
301015.SZ,1.1339
301016.SZ,1.9439
301017.SZ,1.0214
301018.SZ,1.0317
301019.SZ,2.3048
301020.SZ,1.0565
301021.SZ,1.0125
301022.SZ,1.3533
301023.SZ,2.3452
301024.SZ,1.52
301025.SZ,1.0178
301026.SZ,1.4606
301027.SZ,1.01
301028.SZ,1.0843
301029.SZ,1.5056
301030.SZ,1.408
301031.SZ,1.5165
301032.SZ,1.0264
301033.SZ,1.0276
301035.SZ,1.086
301036.SZ,1.0709
301037.SZ,1.544
301038.SZ,1.7195
301039.SZ,1.1399
301040.SZ,1.009
301041.SZ,1.0107
301042.SZ,1.1683
301043.SZ,1.105
301045.SZ,1.0085
301046.SZ,1.0432
301047.SZ,2.1919
301048.SZ,1.0269
301049.SZ,1.011
301050.SZ,2.57
301051.SZ,2.5822
301052.SZ,1.3569
301053.SZ,1.0324
301055.SZ,1.0601
301056.SZ,1.1211
301057.SZ,1.0616
301058.SZ,1.0539
301059.SZ,2.002
301060.SZ,1.0478
301061.SZ,2.9705
301062.SZ,1.0255
301063.SZ,1.0275
301065.SZ,1.5424
301066.SZ,1.4336
301067.SZ,1.865
301068.SZ,1.7276
301069.SZ,1.0311
301070.SZ,1.4378
301071.SZ,3.7624
301072.SZ,1.0038
301073.SZ,2.3124
301075.SZ,1.03
301076.SZ,2.3024
301077.SZ,3.383
301078.SZ,1.0188
301079.SZ,1.3129
301080.SZ,2.2443
301081.SZ,1.3567
301082.SZ,1.464
301083.SZ,1.0198
301085.SZ,1.0472
301086.SZ,1.6186
301087.SZ,1.5165
301088.SZ,1.1222
301089.SZ,1.013
301090.SZ,1.017
301091.SZ,3.3468
301092.SZ,1.0269
301093.SZ,1.3874
301095.SZ,1.0183
301096.SZ,1.025
301097.SZ,1.0417
301098.SZ,1.544
301099.SZ,1.7036
301100.SZ,1.0547
301101.SZ,1.5616
301102.SZ,2.0878
301103.SZ,1.3981
301105.SZ,1.027
301106.SZ,1.4799
301107.SZ,1.4729
301108.SZ,1.4766
301109.SZ,2.4717
301110.SZ,1.4815
301111.SZ,1.0203
301112.SZ,1.0248
301113.SZ,1.3958
301115.SZ,1.0801
301116.SZ,1.0188
301117.SZ,1.4152
301118.SZ,1.0437
301119.SZ,1.352
301120.SZ,1.5357
301121.SZ,1.4159
301122.SZ,1.3635
301123.SZ,1.0419
301125.SZ,2.106
301126.SZ,1.0169
301127.SZ,1.4384
301128.SZ,1.4857
301129.SZ,1.878
301130.SZ,1.0294
301131.SZ,1.0396
301132.SZ,1.0466
301133.SZ,1.0223
301135.SZ,1.0526
301136.SZ,1.013
301137.SZ,1.0219
301138.SZ,1.0953
301139.SZ,1.0079
301141.SZ,1.4195
301148.SZ,1.0831
301149.SZ,1.0513
301150.SZ,3.6086
301151.SZ,1.0863
301152.SZ,1.007
301153.SZ,3.4072
301155.SZ,1.0164
301156.SZ,1.9407
301157.SZ,1.0126
301158.SZ,1.0615
301159.SZ,1.0067
301160.SZ,1.5398
301161.SZ,1.0158
301162.SZ,1.7436
301163.SZ,1.025
301165.SZ,1.4577
301166.SZ,1.0522
301167.SZ,1.455
301168.SZ,1.0135
301169.SZ,1.008
301170.SZ,1.0225
301171.SZ,1.0143
301172.SZ,1.4249
301173.SZ,1.0053
301175.SZ,1.0662
301176.SZ,1.006
301177.SZ,1.1009
301178.SZ,1.4224
301179.SZ,3.2467
301180.SZ,1.0063
301181.SZ,1.4283
301182.SZ,1.017
301183.SZ,1.0044
301185.SZ,1.0435
301186.SZ,1.056
301187.SZ,1.6088
301188.SZ,1.0342
301189.SZ,1.016
301190.SZ,1.0317
301191.SZ,1.3463
301192.SZ,1.0349
301193.SZ,1.645
301195.SZ,1.5771
301196.SZ,1.1026
301197.SZ,1.0164
301198.SZ,1.745
301199.SZ,1.4209
301200.SZ,1.0922
301201.SZ,1.6546
301202.SZ,1.0403
301203.SZ,1.1434
301205.SZ,1.8075
301206.SZ,1.6788
301207.SZ,1.6316
301208.SZ,1.8604
301209.SZ,1.4254
301210.SZ,1.4202
301211.SZ,1.863
301212.SZ,1.0303
301213.SZ,1.0113
301215.SZ,1.0452
301216.SZ,1.5651
301217.SZ,1.0256
301218.SZ,1.5126
301219.SZ,2.5937
301220.SZ,1.4221
301221.SZ,1.02
301222.SZ,1.0648
301223.SZ,1.0549
301225.SZ,1.0206
301226.SZ,1.6897
301227.SZ,1.061
301228.SZ,1.01
301229.SZ,1.9944
301230.SZ,1.8842
301231.SZ,1.007
301232.SZ,1.428
301233.SZ,1.0402
301234.SZ,1.0491
301235.SZ,1.0141
301236.SZ,2.2943
301237.SZ,1.0632
301238.SZ,1.0278
301239.SZ,1.012
301246.SZ,1.0089
301248.SZ,1.5301
301251.SZ,1.0079
301252.SZ,2.1561
301255.SZ,2.3409
301256.SZ,1.0649
301257.SZ,1.3219
301258.SZ,1.051
301259.SZ,1.32
301260.SZ,1.003
301261.SZ,1.0262
301262.SZ,1.0872
301263.SZ,1.9155
301265.SZ,1.0203
301266.SZ,1.0133
301267.SZ,1.5397
301268.SZ,1.025
301269.SZ,1.0041
301270.SZ,1.0257
301272.SZ,1.0314
301273.SZ,1.018
301275.SZ,1.0026
301276.SZ,1.2984
301277.SZ,3.1095
301278.SZ,1.335
301279.SZ,1.3595
301280.SZ,2.2406
301281.SZ,1.4388
301282.SZ,1.0387
301283.SZ,1.0733
301285.SZ,1.0065
301286.SZ,1.0079
301287.SZ,1.0284
301288.SZ,1.013
301289.SZ,1.3383
301290.SZ,1.0698
301291.SZ,1.0438
301292.SZ,1.0
301293.SZ,1.3063
301295.SZ,1.441
301296.SZ,1.0152
301297.SZ,1.0121
301298.SZ,1.0662
301299.SZ,1.108
301300.SZ,1.0947
301301.SZ,1.0458
301302.SZ,1.5
301303.SZ,1.4895
301305.SZ,1.0268
301306.SZ,1.004
301307.SZ,1.0054
301308.SZ,1.0117
301309.SZ,1.0462
301310.SZ,1.4772
301311.SZ,1.0078
301312.SZ,3.0176
301313.SZ,1.011
301314.SZ,1.3484
301315.SZ,1.0155
301316.SZ,1.0098
301317.SZ,1.0466
301318.SZ,2.013
301319.SZ,2.2404
301320.SZ,1.0223
301321.SZ,1.514
301322.SZ,2.2701
301323.SZ,1.0261
301325.SZ,1.216
301326.SZ,1.0187
301327.SZ,1.8891
301328.SZ,1.5482
301329.SZ,1.0422
301330.SZ,1.6264
301331.SZ,1.5824
301332.SZ,1.0259
301333.SZ,1.6199
301335.SZ,1.4676
301336.SZ,1.0148
301337.SZ,1.0122
301338.SZ,1.4284
301339.SZ,1.4669
301345.SZ,1.0928
301348.SZ,1.2186
301349.SZ,1.533
301353.SZ,1.3288
301355.SZ,1.0345
301356.SZ,1.853
301357.SZ,1.418
301358.SZ,1.0266
301359.SZ,1.4772
301360.SZ,1.0147
301361.SZ,1.0135
301362.SZ,1.116
301363.SZ,1.4308
301365.SZ,1.638
301366.SZ,2.5961
301367.SZ,1.4376
301368.SZ,1.0052
301369.SZ,1.5472
301370.SZ,1.0197
301371.SZ,1.3986
301372.SZ,1.01
301373.SZ,1.0568
301376.SZ,1.0446
301377.SZ,1.0382
301378.SZ,2.156
301379.SZ,2.0519
301380.SZ,1.4967
301381.SZ,1.0418
301382.SZ,1.7007
301383.SZ,1.4287
301386.SZ,1.0954
301387.SZ,1.4427
301388.SZ,1.0426
301389.SZ,1.0756
301390.SZ,1.0158
301391.SZ,1.4256
301392.SZ,1.0086
301393.SZ,1.018
301395.SZ,1.7814
301396.SZ,1.7075
301397.SZ,1.6465
301398.SZ,1.4337
301399.SZ,2.1928
301408.SZ,1.0175
301413.SZ,1.311
301418.SZ,1.0093
301419.SZ,1.2582
301421.SZ,1.0094
301428.SZ,1.0165
301429.SZ,1.0525
301439.SZ,1.0517
301446.SZ,1.3321
301448.SZ,1.3379
301449.SZ,1.0
301456.SZ,1.0261
301458.SZ,1.0065
301459.SZ,1.323
301468.SZ,1.0338
301469.SZ,1.0378
301479.SZ,1.4145
301486.SZ,1.0159
301487.SZ,1.001
301488.SZ,1.0234
301489.SZ,1.41
301491.SZ,1.0
301498.SZ,1.012
301499.SZ,1.0126
301500.SZ,1.4081
301501.SZ,1.4584
301502.SZ,1.0231
301503.SZ,1.0439
301505.SZ,1.3475
301507.SZ,1.0155
301508.SZ,1.0176
301509.SZ,1.4342
301510.SZ,1.0029
301511.SZ,1.404
301512.SZ,1.0277
301515.SZ,1.025
301516.SZ,1.01
301517.SZ,1.4062
301518.SZ,1.0372
301519.SZ,1.0194
301520.SZ,1.0204
301522.SZ,1.0036
301525.SZ,1.0162
301526.SZ,1.0092
301528.SZ,1.0063
301529.SZ,1.0203
301533.SZ,1.0271
301535.SZ,1.0103
301536.SZ,1.0066
301538.SZ,1.9874
301539.SZ,1.0135
301548.SZ,1.4897
301550.SZ,2.1395
301551.SZ,1.0177
301552.SZ,1.4419
301555.SZ,1.0149
301556.SZ,1.0093
301557.SZ,1.0154
301558.SZ,1.014
301559.SZ,1.0992
301560.SZ,1.0023
301563.SZ,1.0
301565.SZ,1.0
301566.SZ,1.0083
301567.SZ,1.0118
301568.SZ,1.037
301571.SZ,1.0021
301575.SZ,1.0
301577.SZ,1.0229
301578.SZ,1.7292
301580.SZ,1.4157
301581.SZ,1.0142
301584.SZ,1.0
301585.SZ,1.3119
301586.SZ,1.0092
301587.SZ,1.0212
301588.SZ,1.0157
301589.SZ,1.8564
301590.SZ,1.0078
301591.SZ,1.0171
301592.SZ,1.0051
301595.SZ,1.0063
301596.SZ,1.4128
301598.SZ,1.032
301600.SZ,1.5186
301601.SZ,1.0053
301602.SZ,1.004
301603.SZ,1.0216
301606.SZ,1.0233
301607.SZ,1.4007
301608.SZ,1.0228
301609.SZ,1.0
301611.SZ,1.0033
301613.SZ,1.5182
301616.SZ,1.0074
301617.SZ,1.3206
301618.SZ,1.4079
301622.SZ,1.0059
301626.SZ,1.0079
301628.SZ,1.0051
301629.SZ,1.0059
301630.SZ,1.0
301631.SZ,1.4151
301632.SZ,1.0
301633.SZ,1.0136
301636.SZ,1.0087
301638.SZ,1.0
301656.SZ,1.0
301658.SZ,1.0045
301662.SZ,1.0127
301665.SZ,1.0199
301667.SZ,1.0
301668.SZ,1.0099
301678.SZ,1.0057
301687.SZ,1.0
302132.SZ,6.0207
600000.SH,16.5935
600004.SH,2.6848
600006.SH,3.7785
600007.SH,2.2161
600008.SH,10.2183
600009.SH,3.1408
600010.SH,8.4
600011.SH,5.29
600012.SH,2.9997
600015.SH,6.1926
600016.SH,36.6962
600017.SH,3.6277
600018.SH,1.6907
600019.SH,3.4246
600020.SH,4.6443
600021.SH,2.3615
600022.SH,6.009
600023.SH,1.9993
600025.SH,1.2316
600026.SH,1.8934
600027.SH,2.2927
600028.SH,4.5498
600029.SH,1.701
600030.SH,6.6369
600031.SH,53.6406
600032.SH,1.0338
600033.SH,8.8733
600035.SH,3.6789
600036.SH,6.4834
600037.SH,5.6415
600038.SH,3.1431
600039.SH,14.4259
600048.SH,26.415
600050.SH,1.8413
600051.SH,5.1259
600052.SH,3.5387
600053.SH,2.284
600054.SH,4.6529
600055.SH,15.0865
600056.SH,14.3274
600057.SH,13.0376
600058.SH,4.763
600059.SH,8.6782
600060.SH,6.7177
600061.SH,9.8854
600062.SH,8.9174
600063.SH,15.0784
600064.SH,32.1366
600066.SH,60.3874
600067.SH,24.0062
600071.SH,5.748
600072.SH,4.276
600073.SH,3.3794
600075.SH,11.1649
600076.SH,3.265
600078.SH,6.7429
600079.SH,14.298
600080.SH,5.2472
600081.SH,10.2542
600082.SH,6.035
600084.SH,7.186
600085.SH,12.133
600088.SH,3.6184
600089.SH,57.2004
600094.SH,2.7827
600095.SH,3.465
600096.SH,2.9179
600097.SH,1.6016
600098.SH,6.4392
600099.SH,2.7751
600100.SH,21.303
600101.SH,9.8308
600103.SH,5.5245
600104.SH,11.0675
600105.SH,11.8425
600106.SH,8.4813
600107.SH,2.589
600108.SH,9.7979
600109.SH,9.1055
600110.SH,14.364
600111.SH,20.188
600113.SH,5.0613
600114.SH,6.8812
600115.SH,1.387
600116.SH,6.72
600117.SH,2.75
600118.SH,16.9449
600119.SH,2.945
600120.SH,83.6741
600121.SH,4.946
600123.SH,13.0525
600125.SH,18.1306
600126.SH,5.952
600127.SH,5.087
600128.SH,3.1946
600129.SH,3.15
600130.SH,6.031
600131.SH,5.4881
600132.SH,6.4016
600133.SH,4.6217
600135.SH,2.906
600136.SH,2.492
600137.SH,1.6075
600138.SH,5.432
600141.SH,3.8545
600143.SH,21.5962
600148.SH,2.8663
600149.SH,2.889
600150.SH,3.3564
600151.SH,4.769
600152.SH,3.065
600153.SH,22.9122
600155.SH,2.904
600156.SH,1.8996
600157.SH,51.0823
600158.SH,6.5475
600159.SH,5.212
600160.SH,11.3335
600161.SH,19.3643
600162.SH,9.8701
600163.SH,2.4603
600165.SH,5.2171
600166.SH,26.217
600167.SH,4.457
600168.SH,3.3243
600169.SH,10.144
600170.SH,18.3686
600171.SH,2.8602
600172.SH,9.345
600173.SH,2.501
600176.SH,19.4431
600177.SH,54.8374
600178.SH,2.15
600179.SH,2.408
600180.SH,3.1207
600182.SH,1.3036
600183.SH,13.755
600184.SH,3.316
600185.SH,7.304
600186.SH,5.446
600187.SH,4.558
600188.SH,9.6826
600189.SH,2.744
600191.SH,2.555
600192.SH,1.781
600193.SH,6.699
600195.SH,6.6067
600196.SH,14.8173
600197.SH,4.2635
600198.SH,1.814
600199.SH,4.72
600201.SH,16.0772
600202.SH,4.9813
600203.SH,1.6882
600206.SH,4.3357
600207.SH,1.555
600208.SH,7.008
600210.SH,9.9291
600211.SH,3.3964
600212.SH,2.718
600215.SH,2.2706
600216.SH,6.6579
600217.SH,4.5532
600218.SH,2.1432
600219.SH,8.5627
600221.SH,3.21
600222.SH,4.1271
600223.SH,1.9683
600226.SH,28.613
600227.SH,5.75
600228.SH,2.169
600229.SH,1.7004
600230.SH,2.2656
600231.SH,9.23
600232.SH,3.3605
600233.SH,5.5244
600234.SH,2.353
600235.SH,2.2493
600236.SH,8.3365
600237.SH,4.203
600238.SH,4.012
600239.SH,19.173
600241.SH,2.512
600243.SH,1.597
600246.SH,12.463
600248.SH,4.3375
600249.SH,4.4768
600250.SH,2.71
600251.SH,9.4934
600252.SH,39.368
600255.SH,13.598
600256.SH,60.8881
600257.SH,6.544
600258.SH,2.5747
600259.SH,1.051
600261.SH,24.7452
600262.SH,1.5862
600265.SH,1.659
600266.SH,6.8157
600267.SH,7.1971
600268.SH,11.0195
600269.SH,14.0644
600271.SH,20.144
600272.SH,1.3
600273.SH,2.1601
600276.SH,65.2107
600278.SH,2.3388
600279.SH,2.5384
600280.SH,11.473
600281.SH,1.933
600282.SH,8.8969
600283.SH,2.453
600284.SH,4.0296
600285.SH,8.5972
600287.SH,5.275
600288.SH,4.5949
600289.SH,7.365
600292.SH,4.298
600293.SH,3.323
600295.SH,8.7711
600298.SH,8.6597
600299.SH,3.2266
600300.SH,7.9029
600301.SH,1.764
600302.SH,3.007
600303.SH,6.606
600305.SH,10.2709
600307.SH,4.229
600308.SH,11.0248
600309.SH,42.0531
600310.SH,10.4755
600312.SH,6.9183
600313.SH,4.197
600315.SH,5.7052
600316.SH,4.3995
600318.SH,3.1875
600319.SH,1.471
600320.SH,14.2134
600322.SH,3.15
600323.SH,4.0676
600325.SH,11.6012
600326.SH,10.743
600327.SH,18.2486
600328.SH,4.6155
600329.SH,3.8096
600330.SH,5.0639
600331.SH,9.0
600332.SH,1.7261
600333.SH,2.657
600335.SH,5.7483
600336.SH,3.2655
600337.SH,13.9599
600338.SH,1.9034
600339.SH,4.3399
600340.SH,24.438
600343.SH,3.064
600345.SH,2.0109
600346.SH,11.4912
600348.SH,18.0551
600350.SH,3.1065
600351.SH,8.3687
600352.SH,21.8867
600353.SH,10.7061
600354.SH,2.983
600355.SH,5.819
600356.SH,2.2466
600358.SH,3.527
600359.SH,1.583
600360.SH,7.9452
600361.SH,5.7556
600362.SH,1.8274
600363.SH,3.2712
600365.SH,2.635
600366.SH,12.381
600367.SH,4.4253
600368.SH,5.6731
600369.SH,5.1445
600370.SH,7.423
600371.SH,4.2793
600372.SH,3.1271
600373.SH,5.6618
600375.SH,3.9883
600376.SH,10.622
600377.SH,3.6353
600378.SH,3.8825
600379.SH,2.8444
600380.SH,11.9852
600381.SH,1.019
600382.SH,7.221
600383.SH,18.987
600386.SH,6.0835
600388.SH,9.41
600389.SH,5.5239
600390.SH,6.7643
600391.SH,2.35
600392.SH,10.1894
600395.SH,6.5562
600396.SH,6.566
600397.SH,3.985
600398.SH,11.5324
600399.SH,3.4898
600400.SH,13.2255
600403.SH,6.187
600405.SH,7.101
600406.SH,52.0823
600408.SH,4.214
600409.SH,7.5903
600410.SH,12.6794
600415.SH,43.8629
600416.SH,3.428
600418.SH,6.353
600419.SH,3.3685
600420.SH,9.872
600421.SH,1.921
600422.SH,10.9954
600423.SH,3.636
600425.SH,6.6072
600426.SH,13.2084
600428.SH,7.1396
600429.SH,1.4856
600433.SH,7.2314
600435.SH,13.6579
600436.SH,6.8144
600438.SH,12.681
600439.SH,15.9198
600444.SH,2.1428
600446.SH,16.7085
600448.SH,2.185
600449.SH,4.4776
600452.SH,13.1806
600455.SH,1.13
600456.SH,2.8621
600458.SH,8.6843
600459.SH,5.9635
600460.SH,14.9772
600461.SH,5.7579
600463.SH,2.934
600467.SH,9.2715
600468.SH,12.493
600469.SH,2.8815
600470.SH,2.436
600475.SH,5.2522
600476.SH,2.053
600477.SH,34.3373
600478.SH,10.2549
600479.SH,16.211
600480.SH,4.2419
600481.SH,10.42
600482.SH,2.9825
600483.SH,3.9093
600486.SH,5.2312
600487.SH,11.0068
600488.SH,7.4996
600489.SH,13.3106
600490.SH,14.102
600491.SH,10.934
600493.SH,2.7537
600495.SH,7.5945
600496.SH,10.6995
600497.SH,24.0534
600498.SH,3.7842
600499.SH,33.7227
600500.SH,9.014
600501.SH,4.7596
600502.SH,16.6943
600503.SH,3.025
600505.SH,3.3623
600506.SH,1.327
600507.SH,25.3137
600508.SH,3.9267
600509.SH,6.5015
600510.SH,6.6227
600511.SH,6.2383
600512.SH,6.6506
600513.SH,6.7576
600515.SH,3.273
600516.SH,13.5035
600517.SH,22.6323
600518.SH,48.081
600519.SH,8.4464
600520.SH,2.342
600521.SH,19.2139
600522.SH,8.9865
600523.SH,2.1456
600525.SH,12.706
600526.SH,3.983
600527.SH,29.4125
600528.SH,4.8318
600529.SH,8.6856
600530.SH,6.4041
600531.SH,11.6142
600533.SH,9.935
600535.SH,13.5315
600536.SH,8.975
600537.SH,4.435
600538.SH,3.082
600539.SH,1.214
600540.SH,3.453
600543.SH,2.465
600545.SH,4.253
600546.SH,11.5276
600547.SH,22.4375
600548.SH,3.0767
600549.SH,14.439
600550.SH,7.636
600551.SH,6.1406
600552.SH,8.4595
600556.SH,4.9503
600557.SH,9.117
600558.SH,7.5079
600559.SH,7.4536
600560.SH,4.6717
600561.SH,2.792
600562.SH,7.3908
600563.SH,3.031
600566.SH,2.618
600567.SH,4.2141
600568.SH,12.719
600569.SH,2.798
600570.SH,45.2101
600571.SH,11.6728
600572.SH,17.242
600573.SH,1.3497
600575.SH,18.989
600576.SH,3.15
600577.SH,26.2031
600578.SH,6.2389
600579.SH,1.883
600580.SH,9.0609
600581.SH,6.617
600582.SH,46.3002
600583.SH,22.3144
600584.SH,4.8944
600585.SH,6.117
600586.SH,13.8927
600587.SH,7.7438
600588.SH,56.033
600589.SH,5.4
600590.SH,4.431
600592.SH,3.5243
600593.SH,1.921
600594.SH,17.29
600595.SH,7.997
600596.SH,12.7986
600597.SH,2.6719
600598.SH,2.9115
600599.SH,2.205
600600.SH,1.8609
600601.SH,6471.278
600602.SH,543.9295
600603.SH,184.752
600604.SH,52.8414
600605.SH,52.1316
600606.SH,164.595
600608.SH,96.539
600609.SH,25.927
600610.SH,79.35
600611.SH,720.5757
600612.SH,152.1648
600613.SH,29.8769
600615.SH,65.8148
600616.SH,388.6714
600617.SH,62.6531
600618.SH,28.3662
600619.SH,57.6097
600620.SH,430.7537
600621.SH,304.7224
600622.SH,231.789
600623.SH,32.7645
600624.SH,17.667
600626.SH,10.717
600628.SH,48.9814
600629.SH,8.6745
600630.SH,3.2176
600633.SH,8.3304
600635.SH,151.1165
600636.SH,13.7316
600637.SH,5.6107
600638.SH,15.9337
600639.SH,7.4348
600640.SH,8.5026
600641.SH,21.2002
600642.SH,11.4456
600643.SH,8.4552
600644.SH,11.618
600645.SH,18.139
600648.SH,8.0922
600649.SH,16.0936
600650.SH,4.5891
600651.SH,5951.086
600653.SH,10055.64
600654.SH,1512.251
600655.SH,250.762
600657.SH,16.855
600658.SH,6.843
600660.SH,93.5035
600661.SH,5.11
600662.SH,66.5623
600663.SH,14.6158
600664.SH,10.007
600665.SH,4.906
600666.SH,17.972
600667.SH,5.4222
600668.SH,8.6471
600671.SH,3.269
600673.SH,14.629
600674.SH,22.6743
600675.SH,43.7095
600676.SH,13.818
600678.SH,4.222
600679.SH,2.5299
600681.SH,12.7002
600682.SH,12.8676
600683.SH,7.021
600684.SH,15.167
600685.SH,2.067
600686.SH,13.1767
600688.SH,4.0927
600689.SH,2.5541
600690.SH,43.1998
600691.SH,9.458
600692.SH,8.4066
600693.SH,11.081
600694.SH,7.5067
600696.SH,3.304
600697.SH,3.2475
600698.SH,5.222
600699.SH,4.2649
600702.SH,3.6524
600703.SH,21.6839
600704.SH,23.672
600706.SH,2.374
600707.SH,2.273
600708.SH,12.727
600710.SH,7.4528
600711.SH,10.3157
600712.SH,6.357
600713.SH,12.3268
600714.SH,2.6964
600715.SH,4.4932
600716.SH,4.785
600717.SH,34.8547
600718.SH,17.6804
600719.SH,5.487
600720.SH,13.484
600721.SH,1.452
600722.SH,5.892
600724.SH,15.4584
600725.SH,8.235
600726.SH,3.597
600727.SH,5.7024
600728.SH,13.007
600729.SH,4.6557
600730.SH,5.5698
600731.SH,8.9886
600732.SH,6.935
600733.SH,9.36
600734.SH,8.508
600735.SH,5.642
600736.SH,28.544
600737.SH,14.0882
600738.SH,7.6355
600739.SH,32.215
600740.SH,14.5352
600741.SH,57.8329
600742.SH,22.9631
600743.SH,13.201
600744.SH,4.106
600745.SH,2.1499
600746.SH,8.3824
600748.SH,6.814
600749.SH,3.127
600750.SH,21.1539
600751.SH,4.621
600753.SH,3.774
600754.SH,3.2194
600755.SH,29.5358
600756.SH,5.248
600757.SH,8.7608
600758.SH,2.8611
600759.SH,4.465
600760.SH,10.0296
600761.SH,14.4254
600763.SH,3.4473
600764.SH,8.5623
600765.SH,13.1023
600768.SH,3.3913
600769.SH,5.58
600770.SH,21.002
600771.SH,7.446
600773.SH,6.2572
600774.SH,6.486
600775.SH,1.469
600776.SH,4.8553
600777.SH,30.515
600778.SH,3.766
600779.SH,7.1668
600780.SH,11.9387
600782.SH,14.1392
600783.SH,6.5332
600784.SH,7.4843
600785.SH,4.9064
600787.SH,33.6755
600789.SH,2.9258
600790.SH,13.7443
600791.SH,7.359
600792.SH,6.8993
600793.SH,2.426
600794.SH,21.9672
600795.SH,303.0164
600796.SH,8.9473
600797.SH,12.785
600798.SH,8.575
600800.SH,9.904
600801.SH,12.3538
600802.SH,3.473
600803.SH,7.4771
600805.SH,14.6146
600807.SH,6.536
600808.SH,2.519
600809.SH,6.7052
600810.SH,5.0336
600812.SH,4.0577
600814.SH,6.8266
600815.SH,6.365
600816.SH,30.964
600817.SH,5.1666
600818.SH,2.1569
600819.SH,3.4864
600820.SH,24.0302
600821.SH,4.8338
600822.SH,2.728
600824.SH,27.1677
600825.SH,12.7723
600826.SH,7.8359
600827.SH,9.1717
600828.SH,12.353
600829.SH,9.9093
600830.SH,9.9827
600831.SH,6.488
600833.SH,7.8325
600834.SH,4.0555
600835.SH,5.8554
600838.SH,9.4537
600839.SH,28.959
600841.SH,2.942
600843.SH,2.8755
600844.SH,6.935
600845.SH,15.3425
600846.SH,18.1338
600847.SH,1.862
600848.SH,3.0154
600850.SH,9.857
600851.SH,12.2396
600853.SH,3.2793
600854.SH,6.8296
600855.SH,1.643
600857.SH,5.806
600858.SH,7.0349
600859.SH,4.782
600860.SH,1.661
600861.SH,2.5905
600862.SH,7.5246
600863.SH,22.9559
600864.SH,10.6618
600865.SH,5.4776
600866.SH,16.4044
600867.SH,39.5335
600868.SH,28.262
600869.SH,10.9104
600871.SH,2.464
600872.SH,11.7498
600873.SH,8.7818
600874.SH,1.9179
600875.SH,3.3905
600876.SH,1.427
600877.SH,4.641
600879.SH,37.3539
600880.SH,29.8203
600881.SH,47.238
600882.SH,2.379
600883.SH,4.9091
600884.SH,28.93
600885.SH,8.2346
600886.SH,54.7881
600887.SH,90.947
600888.SH,13.9554
600889.SH,4.643
600892.SH,6.323
600893.SH,3.3531
600894.SH,4.5176
600895.SH,21.12
600897.SH,7.5834
600900.SH,3.7914
600901.SH,2.0879
600903.SH,1.4485
600905.SH,1.0589
600906.SH,1.0607
600908.SH,1.343
600909.SH,1.2807
600916.SH,1.1517
600917.SH,1.1712
600918.SH,1.0338
600919.SH,1.6728
600925.SH,1.1002
600926.SH,2.6249
600927.SH,1.0453
600928.SH,1.2558
600929.SH,1.1443
600930.SH,1.0051
600933.SH,1.1597
600935.SH,1.026
600936.SH,1.026
600938.SH,1.2881
600939.SH,1.0787
600941.SH,1.2108
600955.SH,1.0253
600956.SH,1.119
600958.SH,1.2484
600959.SH,1.411
600960.SH,4.435
600961.SH,1.504
600962.SH,1.893
600963.SH,4.7201
600965.SH,2.2261
600966.SH,7.3982
600967.SH,5.7569
600968.SH,1.1441
600969.SH,2.091
600970.SH,15.3514
600971.SH,13.637
600973.SH,8.834
600975.SH,7.316
600976.SH,3.188
600977.SH,1.0941
600979.SH,5.8188
600980.SH,1.8248
600981.SH,5.0704
600982.SH,4.7578
600983.SH,2.7992
600984.SH,2.518
600985.SH,5.0166
600986.SH,5.8548
600987.SH,7.8074
600988.SH,5.5087
600989.SH,1.1961
600990.SH,4.815
600992.SH,1.5767
600993.SH,12.5341
600995.SH,9.2341
600996.SH,1.05
600997.SH,5.2532
600998.SH,3.2897
600999.SH,2.2001
601000.SH,7.2179
601001.SH,2.6072
601002.SH,1.1812
601003.SH,5.564
601005.SH,1.051
601006.SH,2.6435
601007.SH,1.5296
601008.SH,1.7373
601009.SH,7.0955
601010.SH,5.431
601011.SH,2.638
601012.SH,19.7265
601015.SH,2.464
601016.SH,2.6806
601018.SH,1.3999
601019.SH,1.4169
601020.SH,1.4462
601021.SH,2.127
601022.SH,1.0496
601026.SH,1.0074
601033.SH,1.0754
601038.SH,1.1275
601058.SH,5.5873
601059.SH,1.0127
601061.SH,1.0689
601065.SH,1.0722
601066.SH,1.1036
601068.SH,1.005
601069.SH,1.0197
601077.SH,1.4544
601083.SH,1.0843
601086.SH,1.3739
601088.SH,2.685
601089.SH,1.0892
601096.SH,1.0144
601098.SH,1.7176
601099.SH,2.852
601100.SH,3.5714
601101.SH,4.7757
601106.SH,1.008
601107.SH,1.5212
601108.SH,1.2033
601111.SH,1.145
601112.SH,1.0
601113.SH,2.117
601116.SH,1.2843
601117.SH,1.3159
601118.SH,1.0447
601121.SH,1.0524
601126.SH,3.1797
601127.SH,1.0514
601128.SH,1.5756
601133.SH,1.0492
601136.SH,1.025
601137.SH,2.4178
601138.SH,1.1908
601139.SH,2.6311
601155.SH,1.58
601156.SH,1.1075
601158.SH,1.8513
601162.SH,1.136
601163.SH,1.2482
601166.SH,5.8268
601168.SH,1.4336
601169.SH,4.9269
601177.SH,1.0465
601179.SH,1.1784
601186.SH,1.4746
601187.SH,1.2736
601188.SH,1.3222
601198.SH,1.1535
601199.SH,4.9795
601200.SH,1.6677
601208.SH,3.1029
601211.SH,1.3417
601212.SH,1.004
601216.SH,18.0755
601218.SH,2.4538
601222.SH,5.6703
601225.SH,1.7394
601226.SH,1.6138
601228.SH,1.1
601229.SH,3.759
601231.SH,2.4312
601233.SH,3.215
601236.SH,1.1932
601238.SH,1.8057
601279.SH,1.0083
601288.SH,2.2428
601298.SH,1.3407
601311.SH,3.2793
601318.SH,3.1328
601319.SH,1.1898
601326.SH,1.2141
601328.SH,2.7213
601330.SH,1.1613
601333.SH,1.4035
601336.SH,1.3284
601339.SH,3.3185
601360.SH,2.1195
601366.SH,1.1501
601368.SH,1.1441
601369.SH,2.5524
601375.SH,1.0612
601377.SH,2.8094
601388.SH,5.476
601390.SH,1.4271
601398.SH,2.4965
601399.SH,1.0
601456.SH,1.038
601500.SH,1.3212
601512.SH,1.1786
601515.SH,4.3229
601518.SH,1.7281
601519.SH,2.911
601528.SH,1.4574
601555.SH,1.4419
601566.SH,1.8706
601567.SH,5.8712
601568.SH,1.3858
601577.SH,1.3587
601579.SH,1.1297
601588.SH,1.2904
601595.SH,1.2736
601598.SH,1.3703
601599.SH,3.266
601600.SH,1.0903
601601.SH,1.6159
601606.SH,1.0171
601607.SH,11.1042
601608.SH,1.6191
601609.SH,1.0881
601611.SH,1.0802
601615.SH,1.1091
601616.SH,2.2049
601618.SH,1.2968
601619.SH,1.168
601628.SH,1.3454
601633.SH,3.9705
601636.SH,3.9636
601658.SH,1.3619
601665.SH,1.2498
601666.SH,3.8015
601668.SH,2.3745
601669.SH,1.3439
601677.SH,1.6363
601678.SH,4.5678
601686.SH,1.2456
601688.SH,1.3916
601689.SH,2.3151
601696.SH,1.0207
601698.SH,1.0099
601699.SH,8.4653
601700.SH,6.3336
601702.SH,1.0516
601717.SH,2.9462
601718.SH,1.1375
601727.SH,1.143
601728.SH,1.2124
601766.SH,1.4651
601777.SH,1.175
601778.SH,1.0242
601788.SH,1.3034
601789.SH,2.555
601798.SH,1.074
601799.SH,1.3243
601800.SH,1.4851
601801.SH,2.7928
601808.SH,1.2255
601811.SH,1.3483
601816.SH,1.0794
601818.SH,2.0727
601825.SH,1.326
601827.SH,1.1403
601828.SH,1.215
601838.SH,1.4184
601857.SH,1.7972
601858.SH,1.1536
601860.SH,1.2575
601865.SH,1.0568
601866.SH,1.2246
601868.SH,1.0531
601869.SH,1.0895
601872.SH,1.7417
601877.SH,2.0035
601878.SH,1.1076
601880.SH,2.8249
601881.SH,1.1852
601882.SH,1.1077
601886.SH,2.977
601888.SH,2.3182
601890.SH,2.935
601898.SH,1.4623
601899.SH,2.1767
601900.SH,1.3206
601901.SH,1.0727
601908.SH,4.3502
601916.SH,1.3842
601918.SH,1.6739
601919.SH,2.3936
601921.SH,1.1862
601928.SH,1.6228
601929.SH,2.185
601933.SH,9.169
601939.SH,2.4924
601949.SH,1.1689
601952.SH,1.5765
601956.SH,1.1
601958.SH,1.6366
601963.SH,1.2764
601965.SH,1.9004
601966.SH,1.1438
601968.SH,1.1091
601969.SH,1.0545
601975.SH,1.0
601985.SH,1.2294
601988.SH,2.584
601990.SH,1.3047
601991.SH,2.8574
601992.SH,2.5957
601995.SH,1.0293
601996.SH,4.959
601997.SH,2.0141
601998.SH,2.0537
601999.SH,1.1398
603000.SH,4.3597
603001.SH,1.5237
603002.SH,1.8494
603004.SH,1.023
603005.SH,2.8031
603006.SH,2.4985
603007.SH,4.7806
603008.SH,1.7281
603009.SH,2.6286
603010.SH,4.8702
603011.SH,2.098
603012.SH,2.2561
603013.SH,1.2651
603014.SH,1.0042
603015.SH,2.2387
603016.SH,1.1747
603017.SH,5.122
603018.SH,7.7731
603019.SH,4.0829
603020.SH,2.3017
603021.SH,2.665
603022.SH,2.6056
603023.SH,6.911
603025.SH,2.9888
603026.SH,1.0783
603027.SH,8.2956
603028.SH,1.3359
603029.SH,1.3808
603030.SH,3.589
603031.SH,2.0989
603032.SH,1.6997
603033.SH,6.7666
603035.SH,1.2347
603036.SH,1.1122
603037.SH,4.341
603038.SH,3.8528
603039.SH,3.7669
603040.SH,2.5553
603041.SH,1.5443
603042.SH,1.015
603043.SH,1.6136
603045.SH,1.4478
603048.SH,1.0684
603049.SH,1.0288
603050.SH,3.3582
603051.SH,1.4409
603052.SH,2.8181
603053.SH,1.1777
603055.SH,1.5688
603057.SH,1.1224
603058.SH,1.1753
603059.SH,1.314
603060.SH,3.9883
603061.SH,1.0072
603062.SH,1.1094
603063.SH,1.0382
603065.SH,1.0403
603066.SH,3.2214
603067.SH,3.058
603068.SH,1.0175
603069.SH,1.022
603070.SH,1.0305
603071.SH,1.1994
603072.SH,1.0039
603073.SH,1.0562
603075.SH,1.0599
603076.SH,1.4582
603077.SH,14.3612
603078.SH,5.3919
603079.SH,2.07
603080.SH,1.1414
603081.SH,1.0859
603082.SH,1.0325
603083.SH,2.2476
603085.SH,2.633
603086.SH,5.865
603087.SH,1.4631
603088.SH,6.7893
603089.SH,2.1969
603090.SH,1.0797
603091.SH,1.014
603092.SH,1.0
603093.SH,1.0255
603095.SH,2.3721
603096.SH,1.4871
603097.SH,1.0258
603098.SH,1.2813
603099.SH,1.0313
603100.SH,1.6371
603101.SH,2.1201
603102.SH,1.0679
603103.SH,1.4667
603105.SH,1.0729
603106.SH,1.8905
603107.SH,1.037
603108.SH,5.6626
603109.SH,1.5326
603110.SH,2.1056
603111.SH,2.7686
603112.SH,1.1227
603113.SH,1.1896
603115.SH,1.2918
603116.SH,1.9271
603117.SH,1.482
603118.SH,2.559
603119.SH,1.316
603120.SH,1.0101
603121.SH,2.0403
603122.SH,1.0647
603123.SH,1.172
603124.SH,1.0078
603125.SH,2.1387
603126.SH,1.6559
603127.SH,7.8248
603128.SH,3.3435
603129.SH,1.0975
603130.SH,1.0349
603131.SH,2.9096
603132.SH,1.1388
603135.SH,1.4475
603136.SH,3.4228
603137.SH,1.4275
603138.SH,3.111
603139.SH,1.029
603150.SH,1.0416
603151.SH,1.0564
603153.SH,1.04
603155.SH,2.3191
603156.SH,3.8561
603158.SH,4.4016
603159.SH,1.5143
603160.SH,1.0376
603161.SH,1.5247
603162.SH,2.265
603163.SH,1.3436
603165.SH,2.7199
603166.SH,1.5774
603167.SH,1.6219
603168.SH,4.774
603169.SH,1.627
603170.SH,1.0808
603171.SH,1.0291
603172.SH,1.012
603173.SH,1.0347
603175.SH,1.0
603176.SH,1.0155
603177.SH,1.0164
603178.SH,1.0593
603179.SH,2.6135
603180.SH,2.3295
603181.SH,3.1869
603182.SH,1.0885
603183.SH,4.9516
603185.SH,3.8416
603186.SH,1.06
603187.SH,4.5157
603188.SH,2.16
603189.SH,1.0461
603190.SH,1.0409
603191.SH,1.0237
603192.SH,1.4234
603193.SH,1.0297
603194.SH,1.0219
603195.SH,3.4163
603196.SH,1.119
603197.SH,1.5699
603198.SH,1.3158
603199.SH,1.0933
603200.SH,2.4571
603201.SH,2.5229
603202.SH,1.0361
603203.SH,3.194
603205.SH,1.3117
603206.SH,1.039
603207.SH,1.073
603208.SH,2.7083
603209.SH,1.4499
603210.SH,1.0
603211.SH,1.0118
603212.SH,1.021
603213.SH,1.1345
603214.SH,1.5765
603215.SH,1.089
603216.SH,1.0954
603217.SH,2.5078
603218.SH,2.0717
603219.SH,1.5114
603220.SH,1.3701
603221.SH,1.0519
603222.SH,2.865
603223.SH,4.034
603225.SH,2.1465
603226.SH,4.166
603227.SH,2.273
603228.SH,2.2389
603229.SH,4.8008
603230.SH,1.0982
603231.SH,1.0518
603232.SH,3.5607
603233.SH,3.1365
603235.SH,1.072
603236.SH,2.9536
603237.SH,2.1388
603238.SH,1.6065
603239.SH,3.777
603248.SH,1.0
603255.SH,1.0042
603256.SH,1.04
603257.SH,1.01
603258.SH,1.1317
603259.SH,2.5451
603260.SH,1.529
603261.SH,1.01
603262.SH,1.0
603266.SH,2.1128
603267.SH,1.4494
603268.SH,1.426
603269.SH,3.4328
603270.SH,1.0284
603271.SH,1.0135
603272.SH,1.0507
603273.SH,1.0113
603275.SH,1.0104
603276.SH,1.3215
603277.SH,1.8933
603278.SH,1.4695
603279.SH,1.8588
603280.SH,1.0409
603281.SH,1.5601
603282.SH,1.0464
603283.SH,1.5364
603284.SH,1.0
603285.SH,1.0584
603286.SH,1.0199
603288.SH,8.7825
603289.SH,1.4951
603290.SH,1.4446
603291.SH,1.0311
603296.SH,1.4382
603297.SH,1.4044
603298.SH,2.4039
603299.SH,1.2071
603300.SH,5.6094
603301.SH,2.3834
603303.SH,2.6349
603305.SH,2.1232
603306.SH,2.2556
603307.SH,1.0832
603308.SH,1.4871
603309.SH,3.1092
603310.SH,1.0388
603311.SH,1.1139
603312.SH,1.0532
603313.SH,1.8209
603315.SH,2.0947
603316.SH,1.34
603317.SH,2.7208
603318.SH,3.1097
603319.SH,3.7455
603320.SH,1.3947
603321.SH,1.1234
603322.SH,1.973
603323.SH,2.0432
603324.SH,1.2447
603325.SH,1.251
603326.SH,2.4246
603327.SH,2.746
603328.SH,3.0136
603329.SH,1.4167
603330.SH,5.3129
603331.SH,1.559
603332.SH,2.0316
603333.SH,1.5399
603334.SH,1.0
603335.SH,1.73
603336.SH,4.299
603337.SH,2.4329
603338.SH,7.4302
603339.SH,1.6825
603341.SH,1.0248
603344.SH,1.0258
603345.SH,1.1451
603348.SH,1.0496
603350.SH,1.0352
603351.SH,2.1511
603352.SH,1.0
603353.SH,1.4071
603355.SH,1.86
603356.SH,1.033
603357.SH,2.145
603358.SH,3.2473
603359.SH,2.0725
603360.SH,6.7046
603363.SH,1.329
603365.SH,1.3969
603366.SH,2.5546
603367.SH,1.1934
603368.SH,3.1996
603369.SH,2.9148
603370.SH,1.0
603373.SH,1.0335
603375.SH,1.0138
603376.SH,1.0
603377.SH,1.766
603378.SH,2.207
603379.SH,1.4876
603380.SH,1.1247
603381.SH,1.0254
603382.SH,1.0058
603383.SH,2.6843
603385.SH,1.5039
603386.SH,1.52
603387.SH,4.3974
603389.SH,1.227
603390.SH,1.0356
603391.SH,1.0643
603392.SH,2.89
603393.SH,2.8332
603395.SH,1.3045
603396.SH,1.4737
603398.SH,3.136
603399.SH,1.471
603400.SH,1.0153
603402.SH,1.0
603406.SH,1.012
603408.SH,1.2529
603409.SH,1.0146
603416.SH,1.5036
603418.SH,1.0
603421.SH,1.5027
603429.SH,7.6069
603439.SH,1.0673
603444.SH,1.354
603456.SH,4.1861
603458.SH,2.905
603466.SH,4.5705
603477.SH,1.0381
603486.SH,1.4703
603488.SH,1.6775
603489.SH,2.1467
603496.SH,2.8541
603499.SH,2.8371
603500.SH,3.036
603501.SH,1.3761
603505.SH,3.8045
603506.SH,2.704
603507.SH,1.377
603508.SH,2.5631
603511.SH,1.1793
603515.SH,1.629
603516.SH,2.1027
603517.SH,1.5997
603518.SH,1.5734
603519.SH,5.1025
603520.SH,3.0416
603527.SH,2.24
603528.SH,3.1679
603529.SH,2.3352
603530.SH,1.058
603533.SH,1.0311
603535.SH,3.3207
603536.SH,2.028
603538.SH,1.7432
603551.SH,1.4112
603556.SH,1.6253
603557.SH,1.058
603558.SH,4.911
603559.SH,2.1819
603565.SH,4.0699
603566.SH,2.3962
603567.SH,2.2236
603568.SH,3.8241
603569.SH,1.6448
603577.SH,2.232
603578.SH,1.9633
603579.SH,3.2254
603580.SH,2.0581
603583.SH,3.0378
603585.SH,2.1299
603586.SH,1.2462
603587.SH,1.7369
603588.SH,7.0493
603589.SH,1.2678
603590.SH,1.0876
603595.SH,1.975
603596.SH,1.4418
603598.SH,2.013
603599.SH,4.7565
603600.SH,3.4463
603601.SH,13.9762
603602.SH,2.6171
603605.SH,2.1006
603606.SH,4.1484
603607.SH,2.3473
603608.SH,1.594
603609.SH,1.6543
603610.SH,2.797
603611.SH,3.5398
603612.SH,1.6019
603613.SH,4.5147
603615.SH,1.155
603616.SH,2.013
603617.SH,3.0063
603618.SH,3.2945
603619.SH,1.112
603626.SH,2.103
603628.SH,1.0371
603629.SH,2.0412
603630.SH,1.4195
603633.SH,2.828
603636.SH,4.8984
603637.SH,2.7086
603638.SH,4.7197
603639.SH,3.4293
603648.SH,1.221
603650.SH,1.092
603655.SH,1.0386
603656.SH,2.0706
603657.SH,1.5818
603658.SH,1.497
603659.SH,4.2778
603660.SH,2.015
603661.SH,1.5838
603662.SH,2.5245
603663.SH,2.8924
603665.SH,1.591
603666.SH,2.797
603667.SH,1.4518
603668.SH,1.574
603669.SH,3.221
603676.SH,1.1435
603677.SH,2.8074
603678.SH,2.6781
603679.SH,1.438
603680.SH,2.0491
603681.SH,1.0714
603682.SH,1.284
603683.SH,1.7527
603685.SH,1.8511
603686.SH,3.2978
603687.SH,1.0317
603688.SH,2.6716
603689.SH,1.7029
603690.SH,1.2352
603693.SH,1.4281
603696.SH,2.3495
603697.SH,1.7673
603698.SH,1.3901
603699.SH,1.4175
603700.SH,1.5321
603701.SH,3.5835
603703.SH,3.5127
603706.SH,1.315
603707.SH,3.896
603708.SH,1.9794
603709.SH,1.6272
603711.SH,1.1085
603712.SH,1.02
603713.SH,1.0389
603716.SH,3.526
603717.SH,1.415
603718.SH,2.3736
603719.SH,1.0844
603721.SH,1.349
603722.SH,1.0599
603725.SH,2.0991
603726.SH,2.4615
603727.SH,1.1093
603728.SH,1.3245
603729.SH,1.4088
603730.SH,6.6492
603733.SH,1.1422
603737.SH,7.4154
603738.SH,4.9714
603739.SH,1.4797
603755.SH,1.0616
603757.SH,2.5411
603758.SH,1.3127
603759.SH,1.572
603766.SH,3.3402
603767.SH,1.7061
603768.SH,1.056
603773.SH,2.2667
603776.SH,2.6342
603777.SH,1.4706
603778.SH,6.313
603779.SH,1.474
603786.SH,1.0516
603787.SH,1.119
603788.SH,2.0358
603789.SH,1.322
603790.SH,1.3931
603797.SH,2.1944
603798.SH,2.8396
603799.SH,2.56
603800.SH,1.1089
603801.SH,3.4489
603803.SH,1.068
603806.SH,6.8442
603808.SH,2.3313
603809.SH,7.9855
603810.SH,2.077
603811.SH,4.4958
603813.SH,1.081
603815.SH,1.0615
603816.SH,2.2677
603817.SH,1.0825
603818.SH,2.0462
603819.SH,1.9709
603822.SH,1.044
603823.SH,2.0562
603825.SH,1.497
603826.SH,1.8508
603828.SH,4.656
603829.SH,1.0667
603833.SH,1.6856
603836.SH,1.1062
603838.SH,2.085
603839.SH,1.918
603843.SH,1.437
603848.SH,1.1317
603855.SH,1.3719
603856.SH,1.4989
603858.SH,2.2595
603859.SH,1.5099
603860.SH,1.0428
603861.SH,1.0796
603863.SH,1.008
603866.SH,4.1484
603867.SH,1.4361
603868.SH,1.2862
603869.SH,1.5191
603871.SH,16.9142
603876.SH,1.9508
603877.SH,1.2944
603878.SH,3.7961
603879.SH,2.559
603880.SH,2.961
603881.SH,3.1187
603882.SH,1.1372
603883.SH,2.6955
603885.SH,3.0379
603886.SH,1.5371
603887.SH,2.408
603888.SH,3.5528
603889.SH,7.662
603890.SH,2.9953
603893.SH,1.0322
603895.SH,1.412
603896.SH,1.3977
603897.SH,1.3726
603898.SH,3.6193
603899.SH,2.3239
603900.SH,1.7032
603901.SH,4.2856
603903.SH,2.13
603906.SH,2.099
603908.SH,1.7373
603909.SH,2.6599
603912.SH,3.0227
603915.SH,1.5297
603916.SH,1.3607
603917.SH,1.5242
603918.SH,3.5551
603919.SH,1.9218
603920.SH,1.6626
603922.SH,1.4347
603926.SH,2.0863
603927.SH,2.1698
603928.SH,1.5543
603929.SH,1.1969
603931.SH,2.0508
603933.SH,2.1016
603936.SH,2.01
603937.SH,1.099
603938.SH,2.6559
603939.SH,6.7414
603948.SH,1.2525
603949.SH,1.5386
603950.SH,1.522
603955.SH,1.3479
603956.SH,1.074
603958.SH,1.032
603959.SH,1.984
603960.SH,3.1957
603966.SH,2.5484
603967.SH,1.6726
603968.SH,2.5521
603969.SH,4.7661
603970.SH,2.3164
603976.SH,1.5161
603977.SH,2.2128
603978.SH,2.016
603979.SH,1.6534
603980.SH,1.7387
603982.SH,1.015
603983.SH,1.0742
603985.SH,4.638
603986.SH,5.6479
603987.SH,2.3784
603988.SH,3.4313
603989.SH,2.3545
603990.SH,3.124
603991.SH,1.0121
603992.SH,1.1015
603993.SH,3.6839
603995.SH,1.7044
603997.SH,1.703
603998.SH,4.6857
603999.SH,2.5434
605001.SH,1.4091
605003.SH,1.384
605005.SH,1.0518
605006.SH,1.279
605007.SH,1.0829
605008.SH,1.445
605009.SH,2.38
605011.SH,1.0381
605016.SH,3.4109
605018.SH,1.0911
605020.SH,1.4534
605028.SH,1.172
605033.SH,1.0426
605050.SH,1.1762
605055.SH,1.0213
605056.SH,1.1243
605058.SH,1.0783
605060.SH,1.099
605066.SH,1.4419
605068.SH,1.039
605069.SH,1.318
605077.SH,2.9074
605080.SH,1.4364
605081.SH,1.506
605086.SH,1.4899
605088.SH,1.1311
605089.SH,1.4866
605090.SH,1.57
605098.SH,1.8018
605099.SH,1.1018
605100.SH,2.2096
605108.SH,1.3656
605111.SH,3.9235
605116.SH,1.0446
605117.SH,5.4647
605118.SH,1.0779
605122.SH,1.429
605123.SH,1.0558
605128.SH,2.2952
605133.SH,1.3461
605136.SH,1.0286
605138.SH,1.0687
605151.SH,1.0731
605155.SH,2.1095
605158.SH,1.4363
605162.SH,1.1067
605166.SH,1.0917
605167.SH,1.0296
605168.SH,3.4963
605169.SH,2.0052
605177.SH,1.0474
605178.SH,1.405
605179.SH,1.0224
605180.SH,1.8094
605183.SH,1.1144
605186.SH,1.0166
605188.SH,1.0148
605189.SH,1.6654
605196.SH,1.0209
605198.SH,1.0238
605199.SH,1.0174
605208.SH,1.8022
605218.SH,1.0346
605222.SH,1.0367
605228.SH,1.0271
605255.SH,1.1377
605258.SH,1.0797
605259.SH,2.2068
605266.SH,3.0335
605268.SH,1.106
605277.SH,2.495
605286.SH,1.0401
605287.SH,1.4362
605288.SH,1.473
605289.SH,1.292
605296.SH,1.3503
605298.SH,1.8144
605299.SH,1.1314
605300.SH,1.0394
605303.SH,1.021
605305.SH,2.0588
605318.SH,1.0989
605319.SH,1.4916
605333.SH,1.0143
605336.SH,1.5476
605337.SH,2.8974
605338.SH,1.0977
605339.SH,1.0577
605358.SH,1.514
605365.SH,1.0817
605366.SH,1.9298
605368.SH,1.948
605369.SH,2.976
605376.SH,1.045
605377.SH,2.9726
605378.SH,2.1765
605388.SH,1.4755
605389.SH,1.5343
605398.SH,2.8099
605399.SH,1.7815
605488.SH,2.1891
605499.SH,1.3915
605500.SH,2.3039
605507.SH,1.1043
605555.SH,2.7307
605566.SH,1.0475
605567.SH,1.0287
605577.SH,1.0357
605580.SH,1.6073
605588.SH,1.008
605589.SH,1.0719
605598.SH,1.4265
605599.SH,1.1729
688001.SH,1.032
688002.SH,1.0156
688003.SH,1.0804
688004.SH,1.426
688005.SH,1.546
688006.SH,1.4792
688007.SH,1.0162
688008.SH,1.0306
688009.SH,1.2136
688010.SH,1.0669
688011.SH,1.006
688012.SH,1.0057
688013.SH,1.1136
688015.SH,1.0813
688016.SH,1.6104
688017.SH,1.4142
688018.SH,2.0103
688019.SH,3.1035
688020.SH,1.0276
688021.SH,1.021
688022.SH,1.419
688023.SH,1.3005
688025.SH,1.0334
688026.SH,1.4444
688027.SH,1.001
688028.SH,1.5209
688029.SH,1.4924
688030.SH,1.011
688031.SH,1.0
688032.SH,3.3304
688033.SH,1.0159
688035.SH,1.0215
688036.SH,1.6156
688037.SH,2.1683
688038.SH,1.008
688039.SH,1.421
688041.SH,1.0035
688045.SH,1.0
688046.SH,1.0276
688047.SH,1.0
688048.SH,1.311
688049.SH,1.4634
688050.SH,1.8231
688051.SH,1.013
688052.SH,1.407
688053.SH,1.0133
688055.SH,1.01
688056.SH,1.0795
688057.SH,1.2584
688058.SH,2.013
688059.SH,2.0858
688060.SH,1.012
688061.SH,1.5028
688062.SH,1.0
688063.SH,1.4618
688065.SH,1.4388
688066.SH,1.408
688067.SH,1.034
688068.SH,1.5705
688069.SH,2.0841
688070.SH,1.006
688071.SH,1.0
688072.SH,2.1981
688073.SH,1.4875
688075.SH,2.3755
688076.SH,1.4481
688077.SH,1.4745
688078.SH,1.0478
688079.SH,1.012
688080.SH,1.4291
688081.SH,1.42
688082.SH,1.0161
688083.SH,2.7878
688084.SH,1.008
688085.SH,1.4815
688087.SH,1.4332
688088.SH,1.041
688089.SH,1.4869
688090.SH,1.8673
688091.SH,1.967
688092.SH,1.4863
688093.SH,1.5301
688095.SH,1.9489
688096.SH,2.0873
688097.SH,1.018
688098.SH,1.04
688099.SH,1.01
688100.SH,1.075
688101.SH,1.0628
688102.SH,1.8666
688103.SH,1.0226
688105.SH,1.0566
688106.SH,1.0705
688107.SH,1.0
688108.SH,1.003
688109.SH,1.5365
688110.SH,1.008
688111.SH,1.015
688112.SH,1.5886
688113.SH,1.037
688114.SH,1.004
688115.SH,1.0474
688116.SH,1.5086
688117.SH,2.0151
688118.SH,1.0602
688119.SH,1.027
688120.SH,3.3296
688121.SH,1.009
688122.SH,1.5028
688123.SH,1.3446
688125.SH,1.038
688126.SH,1.0026
688127.SH,1.0401
688128.SH,1.1249
688129.SH,1.0535
688130.SH,1.8186
688131.SH,2.7939
688132.SH,1.0
688133.SH,1.9856
688135.SH,1.488
688136.SH,1.0066
688137.SH,1.0264
688138.SH,1.0341
688139.SH,1.0525
688141.SH,1.0
688143.SH,1.3166
688146.SH,1.0179
688147.SH,1.0044
688148.SH,1.005
688150.SH,1.0312
688151.SH,1.0225
688152.SH,1.9369
688153.SH,1.0015
688155.SH,1.4456
688156.SH,1.0332
688157.SH,2.0074
688158.SH,1.001
688159.SH,1.0028
688160.SH,1.0496
688161.SH,1.0421
688162.SH,1.0225
688163.SH,1.1076
688165.SH,1.0
688166.SH,1.0185
688167.SH,1.009
688168.SH,1.4231
688169.SH,3.9916
688170.SH,1.034
688171.SH,1.0223
688172.SH,1.002
688173.SH,1.0
688175.SH,1.4548
688176.SH,1.0
688177.SH,1.0
688178.SH,1.025
688179.SH,3.479
688180.SH,1.0
688181.SH,1.4358
688182.SH,1.0169
688183.SH,1.0697
688184.SH,1.213
688185.SH,1.005
688186.SH,1.0676
688187.SH,1.0731
688188.SH,2.8813
688189.SH,1.976
688190.SH,1.0434
688192.SH,1.0
688193.SH,1.019
688195.SH,1.0271
688196.SH,1.1143
688197.SH,1.0
688198.SH,1.4359
688199.SH,1.545
688200.SH,2.2504
688201.SH,3.326
688202.SH,1.976
688203.SH,1.0189
688205.SH,1.6021
688206.SH,1.0041
688207.SH,1.4
688208.SH,1.6007
688209.SH,1.0233
688210.SH,2.0503
688211.SH,1.0184
688212.SH,1.0117
688213.SH,1.006
688215.SH,1.5884
688216.SH,1.018
688217.SH,1.011
688218.SH,1.0471
688219.SH,1.0339
688220.SH,1.0
688221.SH,1.0
688222.SH,1.0147
688223.SH,1.035
688225.SH,1.008
688226.SH,1.0355
688227.SH,1.012
688228.SH,1.0363
688229.SH,1.012
688230.SH,2.0574
688231.SH,1.0464
688232.SH,1.0571
688233.SH,1.0186
688234.SH,1.0
688235.SH,1.0
688236.SH,1.0662
688237.SH,1.0291
688238.SH,1.3
688239.SH,1.3238
688244.SH,3.2543
688246.SH,1.0
688247.SH,1.0179
688248.SH,1.0224
688249.SH,1.0051
688251.SH,1.7242
688252.SH,1.008
688253.SH,1.0356
688255.SH,1.4568
688256.SH,1.0
688257.SH,2.9005
688258.SH,1.422
688259.SH,1.4327
688260.SH,1.005
688261.SH,1.8441
688262.SH,1.414
688265.SH,1.0103
688266.SH,1.0
688267.SH,1.052
688268.SH,1.041
688269.SH,1.4915
688270.SH,1.984
688271.SH,1.0058
688272.SH,1.004
688273.SH,1.1075
688275.SH,1.517
688276.SH,1.0161
688277.SH,1.0
688278.SH,1.0266
688279.SH,1.0197
688280.SH,1.0
688281.SH,4.153
688282.SH,1.024
688283.SH,1.4772
688285.SH,1.0271
688286.SH,1.003
688287.SH,1.5915
688288.SH,1.019
688289.SH,1.7173
688290.SH,1.2153
688291.SH,1.0188
688292.SH,1.0164
688293.SH,1.4503
688295.SH,1.007
688296.SH,1.02
688297.SH,1.012
688298.SH,1.854
688299.SH,1.024
688300.SH,2.9571
688301.SH,2.8424
688302.SH,1.0
688303.SH,1.108
688305.SH,1.3097
688306.SH,1.0
688307.SH,1.0431
688308.SH,1.4744
688309.SH,1.0187
688310.SH,2.12
688311.SH,1.41
688312.SH,1.1154
688313.SH,1.0086
688314.SH,1.4906
688315.SH,1.0105
688316.SH,1.0
688317.SH,1.1143
688318.SH,3.9694
688319.SH,1.004
688320.SH,1.009
688321.SH,1.0
688322.SH,1.0
688323.SH,1.006
688325.SH,1.0273
688326.SH,1.0
688327.SH,1.4
688328.SH,1.0242
688329.SH,1.0495
688330.SH,1.5125
688331.SH,1.0
688332.SH,1.0439
688333.SH,2.7611
688334.SH,1.0543
688335.SH,2.2258
688336.SH,1.0056
688337.SH,1.5358
688338.SH,1.3587
688339.SH,2.7438
688343.SH,1.0
688345.SH,1.013
688347.SH,1.004
688348.SH,2.0235
688349.SH,1.0638
688350.SH,1.078
688351.SH,1.0
688352.SH,1.0205
688353.SH,1.4933
688355.SH,1.0829
688356.SH,1.0261
688357.SH,1.8105
688358.SH,1.5971
688359.SH,1.004
688360.SH,2.8957
688361.SH,1.0029
688362.SH,1.003
688363.SH,1.0232
688365.SH,1.003
688366.SH,1.4759
688367.SH,1.0376
688368.SH,1.4508
688369.SH,1.5411
688370.SH,1.4596
688371.SH,1.0
688372.SH,1.721
688373.SH,1.0
688375.SH,1.5333
688376.SH,1.0182
688377.SH,1.0401
688378.SH,3.6116
688379.SH,1.0403
688380.SH,1.0396
688381.SH,1.0245
688382.SH,1.0
688383.SH,1.0152
688385.SH,1.0077
688386.SH,1.353
688387.SH,1.0
688388.SH,1.4544
688389.SH,1.0715
688390.SH,2.807
688391.SH,2.2034
688392.SH,1.4268
688393.SH,1.0388
688395.SH,1.0489
688396.SH,1.0129
688398.SH,2.2214
688399.SH,1.7567
688400.SH,1.0068
688401.SH,1.4831
688403.SH,1.0215
688408.SH,1.5405
688409.SH,1.5042
688410.SH,2.2704
688411.SH,1.0144
688416.SH,1.0
688418.SH,1.004
688419.SH,1.436
688420.SH,1.0299
688425.SH,1.0857
688426.SH,1.218
688428.SH,1.0
688429.SH,1.0024
688432.SH,1.0107
688433.SH,1.0065
688435.SH,1.0
688439.SH,1.017
688443.SH,1.0
688448.SH,1.0217
688449.SH,1.0
688450.SH,1.0087
688455.SH,1.014
688456.SH,1.0356
688458.SH,1.3977
688459.SH,1.0339
688466.SH,1.2873
688468.SH,1.0815
688469.SH,1.0
688472.SH,1.023
688475.SH,1.4367
688478.SH,1.0208
688479.SH,1.0601
688480.SH,1.0574
688484.SH,1.023
688485.SH,1.0174
688486.SH,1.9662
688488.SH,1.002
688489.SH,1.5017
688496.SH,1.003
688498.SH,1.4078
688499.SH,1.41
688500.SH,1.003
688501.SH,1.3558
688502.SH,1.0122
688503.SH,2.2437
688505.SH,1.0354
688506.SH,1.0
688507.SH,2.18
688508.SH,1.0299
688509.SH,1.007
688510.SH,1.0285
688511.SH,1.3569
688512.SH,1.0
688513.SH,1.5535
688515.SH,1.0
688516.SH,3.3369
688517.SH,1.1304
688518.SH,1.0356
688519.SH,1.0345
688520.SH,1.0
688521.SH,1.0
688522.SH,1.9878
688523.SH,1.011
688525.SH,1.0
688526.SH,1.0775
688528.SH,1.017
688529.SH,1.025
688530.SH,1.0062
688531.SH,2.1438
688533.SH,1.0356
688535.SH,1.0109
688536.SH,1.494
688538.SH,1.0
688539.SH,1.4344
688543.SH,1.4802
688545.SH,1.0076
688548.SH,1.0203
688549.SH,1.001
688550.SH,2.7692
688551.SH,1.053
688552.SH,1.011
688553.SH,1.0676
688556.SH,4.8412
688557.SH,1.4948
688558.SH,1.0935
688559.SH,1.007
688560.SH,1.021
688561.SH,1.0
688562.SH,1.0026
688563.SH,1.0216
688565.SH,1.421
688566.SH,1.1035
688567.SH,1.0
688568.SH,3.3585
688569.SH,1.0731
688570.SH,1.0362
688571.SH,1.4571
688573.SH,1.01
688575.SH,1.4919
688576.SH,1.0341
688577.SH,2.0494
688578.SH,1.02
688579.SH,1.039
688580.SH,1.5315
688581.SH,1.4638
688582.SH,1.0114
688583.SH,1.3087
688584.SH,1.0306
688585.SH,1.0243
688586.SH,2.0582
688588.SH,1.0908
688589.SH,1.4965
688590.SH,1.3458
688591.SH,1.008
688592.SH,1.3044
688593.SH,1.0044
688595.SH,1.408
688596.SH,1.0295
688597.SH,2.0041
688598.SH,2.2169
688599.SH,1.065
688600.SH,1.0583
688601.SH,2.1711
688602.SH,1.009
688603.SH,2.1681
688605.SH,1.0033
688606.SH,1.8528
688607.SH,1.0262
688608.SH,1.4131
688609.SH,1.011
688610.SH,1.0091
688611.SH,2.8654
688612.SH,1.0453
688613.SH,1.0201
688615.SH,1.4121
688616.SH,1.3249
688617.SH,2.1408
688618.SH,2.2792
688619.SH,1.007
688620.SH,1.004
688621.SH,1.4237
688622.SH,1.006
688623.SH,1.0522
688625.SH,1.4944
688626.SH,1.0438
688627.SH,1.0117
688628.SH,1.1115
688629.SH,1.002
688630.SH,1.0213
688631.SH,1.0121
688633.SH,2.0809
688636.SH,3.3497
688638.SH,1.405
688639.SH,2.1833
688646.SH,1.0147
688648.SH,1.0078
688651.SH,1.0021
688652.SH,1.0035
688653.SH,1.0
688655.SH,1.019
688656.SH,1.0466
688657.SH,1.5079
688658.SH,1.116
688659.SH,1.022
688660.SH,1.012
688661.SH,1.719
688662.SH,1.0396
688663.SH,1.0815
688665.SH,1.508
688667.SH,1.0146
688668.SH,1.4877
688669.SH,1.3468
688670.SH,1.423
688671.SH,1.005
688676.SH,1.0564
688677.SH,1.468
688678.SH,1.4942
688679.SH,1.0474
688680.SH,1.0089
688681.SH,1.0375
688682.SH,2.8147
688683.SH,1.0291
688685.SH,1.3249
688686.SH,1.5217
688687.SH,1.0458
688689.SH,1.054
688690.SH,1.0087
688691.SH,1.0123
688692.SH,1.5004
688693.SH,1.0056
688695.SH,1.0117
688696.SH,1.4415
688697.SH,1.5469
688698.SH,1.0496
688699.SH,1.552
688700.SH,1.9701
688701.SH,1.009
688702.SH,1.0
688707.SH,1.0346
688708.SH,1.007
688709.SH,1.0056
688710.SH,1.0083
688711.SH,2.169
688712.SH,1.0
688716.SH,1.0138
688717.SH,1.032
688718.SH,1.0222
688719.SH,1.4232
688720.SH,1.0063
688721.SH,1.0088
688722.SH,1.0406
688726.SH,1.0094
688727.SH,1.0
688728.SH,1.0042
688729.SH,1.0
688733.SH,1.0218
688737.SH,1.409
688739.SH,1.117
688750.SH,1.004
688755.SH,1.0022
688757.SH,1.0069
688758.SH,1.0041
688759.SH,1.0
688765.SH,1.0
688766.SH,4.1292
688767.SH,1.6772
688768.SH,1.5109
688772.SH,1.0524
688775.SH,1.0
688776.SH,1.4151
688777.SH,1.5218
688778.SH,1.7532
688779.SH,1.027
688783.SH,1.0
688785.SH,1.0
688786.SH,1.7734
688787.SH,1.4167
688788.SH,2.1225
688789.SH,2.228
688790.SH,1.0
688793.SH,1.42
688795.SH,1.0
688796.SH,1.0
688798.SH,1.4128
688799.SH,1.5129
688800.SH,1.855
688802.SH,1.0
688805.SH,1.0
688807.SH,1.0
688809.SH,1.0
688816.SH,1.0
688818.SH,1.0
688819.SH,1.093
688981.SH,1.0
689009.SH,1.033
920000.BJ,1.403
920001.BJ,1.0523
920002.BJ,1.4086
920003.BJ,1.0124
920005.BJ,1.0136
920006.BJ,1.1168
920007.BJ,1.0141
920008.BJ,1.0
920009.BJ,1.0
920010.BJ,3.8732
920014.BJ,2.018
920015.BJ,1.0
920016.BJ,1.007
920017.BJ,1.1112
920018.BJ,1.0036
920019.BJ,1.0083
920020.BJ,1.0
920021.BJ,10.1332
920022.BJ,1.0197
920023.BJ,2.0736
920026.BJ,1.0487
920027.BJ,1.0045
920029.BJ,1.0152
920030.BJ,2.4563
920033.BJ,2.7343
920035.BJ,1.0
920037.BJ,1.0077
920039.BJ,1.5035
920045.BJ,1.0
920046.BJ,1.588
920047.BJ,433.618
920050.BJ,1.0
920056.BJ,1.0
920057.BJ,1.0064
920058.BJ,2.0501
920060.BJ,1.0161
920061.BJ,1.1634
920062.BJ,1.4604
920066.BJ,1.4183
920068.BJ,1.005
920075.BJ,1.4703
920076.BJ,1.0
920077.BJ,1.7284
920080.BJ,1.0178
920082.BJ,1.0159
920086.BJ,1.0
920087.BJ,1.2159
920088.BJ,1.0018
920089.BJ,1.5677
920090.BJ,5.9458
920091.BJ,1.0
920092.BJ,2.1259
920098.BJ,1.0088
920099.BJ,1.0203
920100.BJ,1.0072
920101.BJ,1.0
920106.BJ,1.4056
920108.BJ,1.406
920110.BJ,1.1969
920111.BJ,1.0071
920112.BJ,1.0127
920116.BJ,1.402
920118.BJ,1.0359
920119.BJ,1.0
920121.BJ,1.0
920122.BJ,1.0988
920123.BJ,2.9397
920124.BJ,1.0
920128.BJ,1.0113
920130.BJ,1.0263
920132.BJ,2.7251
920139.BJ,6.2811
920145.BJ,8.2079
920146.BJ,1.6157
920149.BJ,1.9635
920152.BJ,1.0507
920158.BJ,1.0
920159.BJ,1.0
920160.BJ,1.0
920163.BJ,1.7183
920166.BJ,1.0
920167.BJ,1.8367
920169.BJ,1.0683
920171.BJ,2.9479
920174.BJ,1.2467
920175.BJ,1.0381
920179.BJ,1.0122
920180.BJ,1.0
920184.BJ,1.1838
920185.BJ,10.7609
920190.BJ,1.6327
920195.BJ,1.0784
920198.BJ,4.6156
920199.BJ,5.7235
920204.BJ,3.1021
920207.BJ,1.1736
920208.BJ,2.441
920212.BJ,2.1678
920221.BJ,1.3396
920223.BJ,1.0
920225.BJ,2.0131
920227.BJ,1057.3403
920230.BJ,1.9375
920237.BJ,1.9232
920239.BJ,2.4979
920242.BJ,7.6217
920245.BJ,1.0384
920247.BJ,3.5251
920249.BJ,5.3962
920252.BJ,4.3496
920260.BJ,2.8164
920261.BJ,5.1773
920262.BJ,2.1946
920263.BJ,2.0816
920266.BJ,1.0958
920267.BJ,2.0135
920270.BJ,2.8804
920271.BJ,1.694
920273.BJ,1.7282
920274.BJ,2.1701
920275.BJ,1.6643
920278.BJ,2.1231
920284.BJ,3.5533
920299.BJ,2.9226
920300.BJ,2.01
920304.BJ,1.2432
920305.BJ,3.2584
920339.BJ,8.1467
920344.BJ,1.1722
920346.BJ,1.2037
920351.BJ,1.0781
920357.BJ,1.4582
920363.BJ,1.2255
920367.BJ,1.1459
920368.BJ,2.2634
920370.BJ,4.7795
920371.BJ,1.0621
920374.BJ,5.5678
920375.BJ,1.4786
920378.BJ,2.4494
920392.BJ,1.4756
920394.BJ,1.0737
920395.BJ,7.5086
920396.BJ,2.2703
920402.BJ,1.3198
920403.BJ,2.7981
920405.BJ,3.1984
920407.BJ,2.1744
920414.BJ,5.6137
920415.BJ,2.0898
920418.BJ,4.3662
920419.BJ,1.0533
920422.BJ,1.0865
920425.BJ,3.0174
920427.BJ,152.8257
920429.BJ,2.4981
920433.BJ,3.9255
920436.BJ,1.1535
920438.BJ,1.0294
920445.BJ,1.6201
920454.BJ,1.1199
920455.BJ,3.396
920469.BJ,1.3526
920471.BJ,1.156
920475.BJ,6.8825
920476.BJ,3.8937
920478.BJ,4.9893
920489.BJ,1.8074
920491.BJ,1.0972
920493.BJ,1.0
920496.BJ,2.905
920504.BJ,1.3823
920505.BJ,1.597
920508.BJ,1.5815
920509.BJ,6.6057
920510.BJ,1.6107
920519.BJ,1.1191
920522.BJ,1.8702
920523.BJ,4.6098
920526.BJ,5.871
920527.BJ,1.1203
920533.BJ,10.245
920541.BJ,3.9083
920547.BJ,1.3257
920553.BJ,1.1668
920556.BJ,3.7025
920564.BJ,2.9351
920566.BJ,2.7343
920570.BJ,1.6433
920571.BJ,1.039
920575.BJ,1.9994
920576.BJ,1.1567
920578.BJ,2.5729
920579.BJ,1.1005
920580.BJ,1.3177
920592.BJ,1.3563
920593.BJ,4.1274
920599.BJ,4.8107
920608.BJ,1.7754
920627.BJ,2.2096
920634.BJ,1.3674
920639.BJ,1.2555
920640.BJ,3.1626
920641.BJ,2.8377
920642.BJ,1.4506
920651.BJ,1.6739
920656.BJ,13.0909
920662.BJ,13.9262
920663.BJ,3.9727
920665.BJ,1.1184
920670.BJ,3.5374
920675.BJ,1.4503
920679.BJ,1.1262
920682.BJ,2.5804
920685.BJ,4.3835
920689.BJ,1.4654
920690.BJ,1.075
920693.BJ,1.0032
920694.BJ,1.3491
920699.BJ,1.0543
920701.BJ,1.8792
920703.BJ,2.0418
920706.BJ,1.1432
920717.BJ,1.0996
920718.BJ,1.2574
920719.BJ,1.0123
920720.BJ,7.2089
920725.BJ,2.1554
920726.BJ,2.2958
920729.BJ,4.4415
920735.BJ,2.8914
920748.BJ,1.0083
920751.BJ,14.0261
920753.BJ,1.1084
920765.BJ,1.7812
920768.BJ,1.0441
920770.BJ,1.352
920779.BJ,3.8291
920781.BJ,4.1611
920786.BJ,2.3814
920790.BJ,1.1613
920792.BJ,1.1757
920799.BJ,3.1379
920802.BJ,2.3811
920806.BJ,1.0187
920807.BJ,1.2897
920808.BJ,5.2071
920809.BJ,2.3726
920810.BJ,2.8103
920819.BJ,1.1328
920821.BJ,4.1287
920826.BJ,3.3465
920832.BJ,1.7136
920833.BJ,1.1509
920834.BJ,4.9659
920837.BJ,1.1133
920839.BJ,1.9046
920855.BJ,1.1678
920856.BJ,1.3503
920857.BJ,1.1158
920866.BJ,1.3254
920870.BJ,2.7275
920871.BJ,1.531
920873.BJ,1.9083
920876.BJ,2.7294
920879.BJ,3.8443
920885.BJ,2.3205
920892.BJ,29.5997
920895.BJ,1.9843
920896.BJ,1.8873
920906.BJ,1.0356
920914.BJ,1.3231
920924.BJ,1.3186
920925.BJ,2.087
920926.BJ,2.2471
920931.BJ,1.0431
920932.BJ,1.4831
920942.BJ,1.9041
920943.BJ,1.6143
920946.BJ,2.3183
920950.BJ,1.7409
920953.BJ,1.4185
920957.BJ,20.1745
920961.BJ,6.8603
920964.BJ,2.2175
920970.BJ,2.1729
920971.BJ,2.6094
920974.BJ,2.2205
920976.BJ,2.3207
920978.BJ,1.2885
920981.BJ,1.4343
920982.BJ,4.2831
920985.BJ,1.628
920992.BJ,1.4932
002231.SZ,3.094
001285.SZ,1.0
002326.SZ,5.783
300828.SZ,1.6994
300442.SZ,1.9321
300379.SZ,6.1182
300391.SZ,3.786
603056.SH,1.0538
688191.SH,1.5859
