ts_code,trade_date,close,pre_close,vol,amount
600707.SH,20260224,6.53,6.35,242065.34,157524.266
600707.SH,20260213,6.35,6.53,264424.64,170513.327
600707.SH,20260212,6.53,6.55,235615.64,154811.534
600707.SH,20260211,6.55,6.68,229139.82,151468.94
600707.SH,20260210,6.68,6.75,258455.0,172165.619
600707.SH,20260209,6.75,6.68,268086.83,180934.104
600707.SH,20260206,6.68,6.85,314107.64,211218.559
600707.SH,20260205,6.85,6.79,359163.19,242779.168
600707.SH,20260204,6.79,6.64,358691.58,242501.744
600707.SH,20260203,6.64,6.46,385520.09,255425.301
600707.SH,20260202,6.46,6.72,485007.16,318605.637
600707.SH,20260130,6.72,7.01,767784.22,514248.147
600707.SH,20260129,7.01,6.93,688387.57,484898.605
600707.SH,20260128,6.93,6.97,614374.2,424750.296
600707.SH,20260127,6.97,6.85,600248.46,415165.594
600707.SH,20260126,6.85,7.1,676277.42,469277.6
600707.SH,20260123,7.1,6.86,899806.62,634871.186
600707.SH,20260122,6.86,6.94,447057.48,309173.456
600707.SH,20260121,6.94,6.91,722604.93,504739.517
600707.SH,20260120,6.91,6.88,505104.01,344185.282
600707.SH,20260119,6.88,6.72,503644.42,343634.329
600707.SH,20260116,6.72,6.81,449858.16,302824.547
600707.SH,20260115,6.81,6.82,466231.2,317075.601
600707.SH,20260114,6.82,6.76,847184.7,587005.481
600707.SH,20260113,6.76,6.92,586538.94,400736.672
600707.SH,20260112,6.92,6.87,710719.36,491832.958
600707.SH,20260109,6.87,6.87,790104.98,547621.066
600707.SH,20260108,6.87,6.96,722600.77,495625.513
600707.SH,20260107,6.96,7.05,1522972.79,1060545.969
600707.SH,20260106,7.05,6.41,1106455.61,768297.408
600707.SH,20260105,6.41,6.49,488112.98,313117.317
600707.SH,20251231,6.49,6.42,633549.44,410497.819
600707.SH,20251230,6.42,6.48,579267.22,372609.455
600707.SH,20251229,6.48,6.37,915393.21,591100.843
600707.SH,20251226,6.37,6.27,471568.61,297821.167
600707.SH,20251225,6.27,6.34,355489.91,223101.079
600707.SH,20251224,6.34,6.2,596569.88,376639.92
600707.SH,20251223,6.2,6.29,390788.46,244889.924
600707.SH,20251222,6.29,6.35,529246.07,330685.607
600707.SH,20251219,6.35,6.33,336298.88,213048.73
600707.SH,20251218,6.33,6.55,623960.64,395868.651
600707.SH,20251217,6.55,6.5,641281.31,415775.386
600707.SH,20251216,6.5,6.45,553621.06,356610.819
600707.SH,20251215,6.45,6.4,787077.11,514644.663
600707.SH,20251212,6.4,6.35,592924.54,378397.618
600707.SH,20251211,6.35,6.35,1036372.54,656876.397
600707.SH,20251210,6.35,6.32,505248.17,319796.265
600707.SH,20251209,6.32,6.39,658461.29,415946.448
600707.SH,20251208,6.39,6.63,1234708.25,792691.844
600707.SH,20251205,6.63,6.32,1623528.47,1054242.961
600707.SH,20251204,6.32,6.36,1337111.83,842083.033
600707.SH,20251203,6.36,5.78,1761697.16,1093491.251
600707.SH,20251202,5.78,5.66,365416.93,211995.177
600707.SH,20251201,5.66,5.57,143775.42,80822.616
600707.SH,20251128,5.57,5.53,86556.59,48034.952
600707.SH,20251127,5.53,5.55,100463.75,55765.035
600707.SH,20251126,5.55,5.52,145071.25,80649.157
600707.SH,20251125,5.52,5.5,141240.43,78084.815
600707.SH,20251124,5.5,5.59,279835.28,153599.38
600707.SH,20251121,5.59,5.81,269863.16,152866.12
600707.SH,20251120,5.81,5.8,117561.39,68323.198
600707.SH,20251119,5.8,5.83,160968.26,93351.632
600707.SH,20251118,5.83,5.92,240042.25,140476.7
600707.SH,20251117,5.92,5.98,197193.0,116936.772
600707.SH,20251114,5.98,5.98,263429.74,157885.325
600707.SH,20251113,5.98,5.96,174810.78,104245.513
600707.SH,20251112,5.96,5.99,190691.82,113683.847
600707.SH,20251111,5.99,6.01,189199.5,113476.07
600707.SH,20251110,6.01,5.95,234226.31,140542.093
600707.SH,20251107,5.95,5.89,351078.23,209394.715
600707.SH,20251106,5.89,5.88,137722.8,80975.325
600707.SH,20251105,5.88,5.83,174188.4,102168.547
600707.SH,20251104,5.83,5.91,160181.86,93758.55
600707.SH,20251103,5.91,5.86,192731.31,112903.565
600707.SH,20251031,5.86,5.86,169941.0,99374.923
600707.SH,20251030,5.86,5.88,173187.28,101958.655
600707.SH,20251029,5.88,5.86,116740.02,68324.569
600707.SH,20251028,5.86,5.89,109603.0,64327.838
600707.SH,20251027,5.89,5.88,152387.36,89746.842
600707.SH,20251024,5.88,5.88,130536.0,76801.048
600707.SH,20251023,5.88,5.86,150169.27,87675.04
600707.SH,20251022,5.86,5.87,136467.05,79991.952
600707.SH,20251021,5.87,5.8,167461.85,97980.911
600707.SH,20251020,5.8,5.77,123297.13,71494.235
600707.SH,20251017,5.77,5.84,180490.74,104876.842
600707.SH,20251016,5.84,5.91,182382.75,106893.204
600707.SH,20251015,5.91,5.91,160303.9,94590.9
600707.SH,20251014,5.91,5.92,248195.6,147374.429
600707.SH,20251013,5.92,5.98,238401.45,139800.174
600707.SH,20251010,5.98,6.0,181751.66,108441.977
600707.SH,20251009,6.0,5.89,298707.04,179241.573
600707.SH,20250930,5.89,5.93,169572.58,100209.905
600707.SH,20250929,5.93,5.96,221771.26,130989.988
600707.SH,20250926,5.96,6.05,198072.61,118744.881
600707.SH,20250925,6.05,6.13,211680.66,128495.002
600707.SH,20250924,6.13,6.03,276337.04,168394.298
600707.SH,20250923,6.03,6.13,377543.13,226658.712
600707.SH,20250922,6.13,6.21,245567.0,151039.203
600707.SH,20250919,6.21,6.22,245264.0,152311.222
600707.SH,20250918,6.22,6.23,483460.0,302186.954
600707.SH,20250917,6.23,6.19,289087.84,179733.71
600707.SH,20250916,6.19,6.14,248206.62,153065.521
600707.SH,20250915,6.14,6.17,203496.56,125146.179
600707.SH,20250912,6.17,6.2,291046.8,179899.625
600707.SH,20250911,6.2,6.14,375620.45,230721.811
600707.SH,20250910,6.14,6.14,175824.8,107889.717
600707.SH,20250909,6.14,6.23,251133.91,154733.492
600707.SH,20250908,6.23,6.2,332198.0,205759.331
600707.SH,20250905,6.2,6.13,344405.22,212103.345
600707.SH,20250904,6.13,6.15,427475.8,262873.599
600707.SH,20250903,6.15,6.21,388829.06,240526.069
600707.SH,20250902,6.21,6.39,449223.09,280735.342
600707.SH,20250901,6.39,6.45,330523.31,211199.796
600707.SH,20250829,6.45,6.52,338488.84,218586.904
600707.SH,20250828,6.52,6.46,543029.66,349127.335
600707.SH,20250827,6.46,6.65,563962.02,371571.023
600707.SH,20250826,6.65,6.6,474246.95,315088.628
600707.SH,20250825,6.6,6.68,609449.31,403710.372
600707.SH,20250822,6.68,6.52,574550.05,379529.488
600707.SH,20250821,6.52,6.52,417495.0,272091.05
600707.SH,20250820,6.52,6.37,546290.01,352817.918
600707.SH,20250819,6.37,6.34,394035.8,251900.613
600707.SH,20250818,6.34,6.21,564735.14,356169.744
600707.SH,20250815,6.21,6.15,249644.51,154660.9
600707.SH,20250814,6.15,6.24,332299.0,205413.771
600707.SH,20250813,6.24,6.22,250627.77,155784.992
600707.SH,20250812,6.22,6.25,203873.0,126740.754
600707.SH,20250811,6.25,6.17,275846.93,171768.668
600707.SH,20250808,6.17,6.21,197295.0,121811.802
600707.SH,20250807,6.21,6.22,181114.67,112410.752
600707.SH,20250806,6.22,6.23,222698.37,137967.146
600707.SH,20250805,6.23,6.17,227923.23,141759.802
600707.SH,20250804,6.17,6.17,188298.55,115632.149
600707.SH,20250801,6.17,6.15,211526.6,130670.392
600707.SH,20250731,6.15,6.28,343703.0,212978.16
600707.SH,20250730,6.28,6.33,266547.0,167676.779
600707.SH,20250729,6.33,6.35,258721.0,162979.205
600707.SH,20250728,6.35,6.41,306567.0,195497.341
600707.SH,20250725,6.41,6.33,564137.38,361583.871
600707.SH,20250724,6.33,6.24,372284.58,234246.426
600707.SH,20250723,6.24,6.26,375309.57,235386.921
600707.SH,20250722,6.26,6.24,372640.98,231578.035
600707.SH,20250721,6.24,6.11,451830.9,279508.002
600707.SH,20250718,6.11,6.21,466636.02,285647.493
600707.SH,20250717,6.21,6.11,334502.97,206550.676
600707.SH,20250716,6.11,6.1,244066.24,148893.281
600707.SH,20250715,6.1,6.26,642614.6,393874.36
600707.SH,20250714,6.26,6.51,789798.98,499876.691
600707.SH,20250711,6.51,6.46,312157.01,202208.606
600707.SH,20250710,6.46,6.41,199898.37,128709.787
600707.SH,20250709,6.41,6.47,197715.85,127165.287
600707.SH,20250708,6.47,6.34,336050.68,216528.753
600707.SH,20250707,6.34,6.38,179339.02,113694.325
600707.SH,20250704,6.38,6.48,266143.72,170507.428
600707.SH,20250703,6.48,6.39,315800.73,203448.295
600707.SH,20250702,6.39,6.44,215863.27,137772.689
600707.SH,20250701,6.44,6.46,212445.88,136516.1
600707.SH,20250630,6.46,6.44,220650.87,142238.546
600707.SH,20250627,6.44,6.41,237438.0,152852.707
600707.SH,20250626,6.41,6.42,342916.0,220856.292
600707.SH,20250625,6.42,6.39,338401.1,216336.573
600707.SH,20250624,6.39,6.27,303622.14,192941.518
600707.SH,20250623,6.27,6.26,161249.43,101007.59
600707.SH,20250620,6.26,6.32,188109.85,118415.778
600707.SH,20250619,6.32,6.34,249279.44,158131.343
600707.SH,20250618,6.34,6.38,332730.99,212367.184
600707.SH,20250617,6.38,6.3,232480.0,147731.578
600707.SH,20250616,6.3,6.27,106633.4,66980.542
600707.SH,20250613,6.27,6.31,182453.96,114283.62
600707.SH,20250612,6.31,6.31,131236.0,82772.413
600707.SH,20250611,6.31,6.31,193315.0,122818.141
600707.SH,20250610,6.31,6.33,226966.0,142964.306
600707.SH,20250609,6.33,6.31,165567.0,104695.017
600707.SH,20250606,6.31,6.39,151244.69,95735.367
600707.SH,20250605,6.39,6.31,209861.32,133041.274
600707.SH,20250604,6.31,6.17,264945.0,166920.532
600707.SH,20250603,6.17,6.14,261144.34,161356.126
600707.SH,20250530,6.14,6.25,262624.48,161311.348
600707.SH,20250529,6.25,6.15,264168.51,164542.617
600707.SH,20250528,6.15,6.35,264770.86,163764.11
600707.SH,20250527,6.35,6.37,153581.22,97120.215
600707.SH,20250526,6.37,6.35,136864.0,87136.154
600707.SH,20250523,6.35,6.49,186276.0,119716.476
600707.SH,20250522,6.49,6.59,168731.0,110240.835
600707.SH,20250521,6.59,6.67,149652.0,98760.33
600707.SH,20250520,6.67,6.67,126166.0,84006.146
600707.SH,20250519,6.67,6.63,127495.5,84555.657
600707.SH,20250516,6.63,6.61,113309.0,75159.558
600707.SH,20250515,6.61,6.77,211748.88,140786.296
600707.SH,20250514,6.77,6.79,217841.0,146915.817
600707.SH,20250513,6.79,6.88,232164.99,158651.634
600707.SH,20250512,6.88,6.64,359652.0,244517.86
600707.SH,20250509,6.64,6.87,294977.49,197341.75
600707.SH,20250508,6.87,6.83,166651.91,114089.438
600707.SH,20250507,6.83,6.88,196533.67,134553.214
600707.SH,20250506,6.88,6.7,249688.49,170246.228
600707.SH,20250430,6.7,6.64,140104.59,93770.984
600707.SH,20250429,6.64,6.51,203060.49,135286.851
600707.SH,20250428,6.51,6.65,141305.49,92606.648
600707.SH,20250425,6.65,6.55,139408.81,92272.701
600707.SH,20250424,6.55,6.69,188958.58,124472.645
600707.SH,20250423,6.69,6.67,174230.51,116455.66
600707.SH,20250422,6.67,6.78,153370.22,103001.64
600707.SH,20250421,6.78,6.75,153382.43,103975.324
600707.SH,20250418,6.75,6.46,319517.72,212343.15
600707.SH,20250417,6.46,6.51,151776.7,98222.498
600707.SH,20250416,6.51,6.57,149738.0,96864.023
600707.SH,20250415,6.57,6.71,184989.45,121781.926
600707.SH,20250414,6.71,6.53,342201.01,230461.831
600707.SH,20250411,6.53,6.46,230186.0,150007.077
600707.SH,20250410,6.46,6.24,412050.4,268547.965
600707.SH,20250409,6.24,6.3,436931.45,270055.161
600707.SH,20250408,6.3,6.71,712151.96,449209.555
600707.SH,20250407,6.71,7.460000000000001,144165.0,98076.151
600707.SH,20250403,7.460000000000001,7.599999999999999,216393.06,162145.098
600707.SH,20250402,7.599999999999999,7.559999999999999,197732.0,150552.892
600707.SH,20250401,7.559999999999999,7.64,243812.36,187068.937
600707.SH,20250331,7.64,7.72,161092.52,122790.956
600707.SH,20250328,7.72,7.829999999999999,144701.53,112019.256
600707.SH,20250327,7.829999999999999,7.86,154205.13,120578.555
600707.SH,20250326,7.86,7.829999999999999,163355.58,128272.036
600707.SH,20250325,7.829999999999999,8.0,269769.46,211568.51
600707.SH,20250324,8.0,7.92,312755.05,250255.3
600707.SH,20250321,7.92,8.16,289337.97,231794.265
600707.SH,20250320,8.16,8.32,266320.27,219010.742
600707.SH,20250319,8.32,8.45,353274.98,292968.559
600707.SH,20250318,8.45,8.05,840416.97,702596.865
600707.SH,20250317,8.05,7.879999999999999,406569.94,325178.506
600707.SH,20250314,7.879999999999999,7.790000000000001,308490.9,242799.672
600707.SH,20250313,7.790000000000001,7.829999999999999,180551.69,140005.298
600707.SH,20250312,7.829999999999999,7.819999999999999,212638.44,167081.325
600707.SH,20250311,7.819999999999999,7.75,217522.67,168765.333
600707.SH,20250310,7.75,7.790000000000001,229157.61,177483.385
600707.SH,20250307,7.790000000000001,7.829999999999999,325618.72,254096.496
600707.SH,20250306,7.829999999999999,7.780000000000001,357483.89,280549.752
600707.SH,20250305,7.780000000000001,7.86,193720.84,150435.398
600707.SH,20250304,7.86,7.780000000000001,347635.35,272401.508
600707.SH,20250303,7.780000000000001,7.549999999999999,431999.6,333039.037
600707.SH,20250228,7.549999999999999,7.64,328493.86,249056.263
600707.SH,20250227,7.64,7.81,418221.69,320832.099
600707.SH,20250226,7.81,7.77,315345.1,245212.46
600707.SH,20250225,7.77,7.81,330947.85,255836.947
600707.SH,20250224,7.81,8.05,643008.59,505091.665
600707.SH,20250221,8.05,8.04,391474.91,314525.22
600707.SH,20250220,8.04,8.18,517467.44,415113.334
600707.SH,20250219,8.18,8.16,419024.75,341768.883
600707.SH,20250218,8.16,8.09,548592.18,449546.169
600707.SH,20250217,8.09,8.14,396759.52,321477.305
600707.SH,20250214,8.14,8.05,432304.29,348607.834
600707.SH,20250213,8.05,8.39,565732.32,459832.704
600707.SH,20250212,8.39,8.24,431140.61,356577.448
600707.SH,20250211,8.24,8.34,350632.27,290201.912
600707.SH,20250210,8.34,8.33,405497.67,338908.744
600707.SH,20250207,8.33,8.37,683474.61,571073.861
600707.SH,20250206,8.37,8.51,751572.96,634316.948
600707.SH,20250205,8.51,8.48,377090.21,317836.162
600707.SH,20250127,8.48,8.82,453443.53,388145.624
600707.SH,20250124,8.82,8.82,435497.66,382973.388
600707.SH,20250123,8.82,8.95,444412.71,396331.731
600707.SH,20250122,8.95,9.05,470589.64,418671.58
600707.SH,20250121,9.05,8.85,919781.04,827426.703
600707.SH,20250120,8.85,8.19,960943.5,829149.535
600707.SH,20250117,8.19,8.24,277994.97,227321.874
600707.SH,20250116,8.24,8.25,427069.0,350945.168
600707.SH,20250115,8.25,8.27,370186.0,304227.277
600707.SH,20250114,8.27,7.8500000000000005,551091.81,448576.561
600707.SH,20250113,7.8500000000000005,7.840000000000001,423705.09,331948.985
600707.SH,20250110,7.840000000000001,8.2,576576.0,463307.261
600707.SH,20250109,8.2,8.41,626614.07,517260.845
600707.SH,20250108,8.41,8.12,1170419.29,960412.455
600707.SH,20250107,8.12,7.66,1161160.1,950964.928
600707.SH,20250106,7.66,7.8500000000000005,335323.03,258016.219
600707.SH,20250103,7.8500000000000005,8.06,419084.28,334506.153
600707.SH,20250102,8.06,8.22,417925.43,341910.068
600707.SH,20241231,8.22,8.55,421064.28,352364.937
600707.SH,20241230,8.55,8.38,511403.02,436792.487
600707.SH,20241227,8.38,8.33,370307.56,310351.284
600707.SH,20241226,8.33,8.33,404055.0,339570.803
600707.SH,20241225,8.33,8.5,280084.24,233578.59
600707.SH,20241224,8.5,8.3,558513.61,467658.015
600707.SH,20241223,8.3,8.59,570517.65,480125.209
600707.SH,20241220,8.59,8.32,697083.6,594016.768
600707.SH,20241219,8.32,8.34,598178.1,497288.974
600707.SH,20241218,8.34,8.15,956830.17,805637.349
600707.SH,20241217,8.15,8.17,707775.71,584522.609
600707.SH,20241216,8.17,8.11,914803.22,745515.125
600707.SH,20241213,8.11,7.879999999999999,1245979.79,1000790.236
600707.SH,20241212,7.879999999999999,7.66,699210.37,541648.68
600707.SH,20241211,7.66,7.360000000000001,583976.21,443688.925
600707.SH,20241210,7.360000000000001,7.2,779149.27,581400.891
600707.SH,20241209,7.2,7.109999999999999,368385.99,262360.348
600707.SH,20241206,7.109999999999999,7.04,328563.93,232374.463
600707.SH,20241205,7.04,6.98,278175.6,195424.606
600707.SH,20241204,6.98,7.140000000000001,290023.84,204317.356
600707.SH,20241203,7.140000000000001,7.140000000000001,299193.0,213492.257
600707.SH,20241202,7.140000000000001,6.97,389910.57,276330.557
600707.SH,20241129,6.97,6.95,423263.03,294840.648
600707.SH,20241128,6.95,6.93,550612.99,383711.744
600707.SH,20241127,6.93,6.83,310074.78,210944.509
600707.SH,20241126,6.83,6.89,254454.01,174703.222
600707.SH,20241125,6.89,6.92,318550.74,218336.009
600707.SH,20241122,6.92,7.28,402827.91,286158.764
600707.SH,20241121,7.28,7.420000000000001,361986.85,264167.651
600707.SH,20241120,7.420000000000001,7.410000000000001,350580.0,259123.71
600707.SH,20241119,7.410000000000001,7.209999999999999,394473.53,287566.033
600707.SH,20241118,7.209999999999999,7.510000000000001,590765.72,432352.708
600707.SH,20241115,7.510000000000001,7.63,485129.93,371354.07
600707.SH,20241114,7.63,7.97,626638.02,489972.872
600707.SH,20241113,7.97,7.99,933799.82,727440.409
600707.SH,20241112,7.99,7.889999999999999,1278531.17,1027671.671
600707.SH,20241111,7.889999999999999,7.61,979690.62,761795.721
600707.SH,20241108,7.61,7.59,667626.47,511052.332
600707.SH,20241107,7.59,7.420000000000001,626171.62,470002.8
600707.SH,20241106,7.420000000000001,7.470000000000001,715337.36,532483.583
600707.SH,20241105,7.470000000000001,7.28,683498.31,509348.764
600707.SH,20241104,7.28,7.24,593056.0,431323.647
600707.SH,20241101,7.24,7.63,882945.63,658738.18
600707.SH,20241031,7.63,7.5200000000000005,1156142.13,873492.636
600707.SH,20241030,7.5200000000000005,7.2,1133084.19,854263.118
600707.SH,20241029,7.2,7.420000000000001,654412.63,476668.906
600707.SH,20241028,7.420000000000001,7.4799999999999995,444133.26,328062.663
600707.SH,20241025,7.4799999999999995,7.3,564676.46,420123.245
600707.SH,20241024,7.3,7.34,434274.34,317321.595
600707.SH,20241023,7.34,7.28,670718.04,488952.234
600707.SH,20241022,7.28,7.05,795162.79,570075.293
600707.SH,20241021,7.05,7.130000000000001,498099.33,353363.749
600707.SH,20241018,7.130000000000001,6.76,403051.6,282631.461
600707.SH,20241017,6.76,6.8,198909.53,136253.914
600707.SH,20241016,6.8,6.89,208340.0,141865.492
600707.SH,20241015,6.89,7.140000000000001,252343.27,177536.303
600707.SH,20241014,7.140000000000001,6.98,363306.1,253967.416
600707.SH,20241011,6.98,7.32,292920.03,207614.128
600707.SH,20241010,7.32,7.499999999999999,410018.79,303148.529
600707.SH,20241009,7.499999999999999,8.02,631407.43,481000.023
600707.SH,20241008,8.02,7.4799999999999995,694117.91,552013.455
600707.SH,20240930,7.4799999999999995,6.8,543939.59,397336.1
600707.SH,20240927,6.8,6.58,289157.0,194019.536
600707.SH,20240926,6.58,6.25,393385.54,253373.648
600707.SH,20240925,6.25,6.18,298638.91,189562.768
600707.SH,20240924,6.18,5.95,291641.26,176861.162
600707.SH,20240923,5.95,5.9,183931.82,109717.599
600707.SH,20240920,5.9,5.99,216026.25,127818.116
600707.SH,20240919,5.99,6.0,214744.61,128867.776
600707.SH,20240918,6.0,6.03,136089.41,81031.215
600707.SH,20240913,6.03,6.07,133013.67,81063.762
600707.SH,20240912,6.07,6.16,151344.2,92451.247
600707.SH,20240911,6.16,6.29,135849.53,83989.291
600707.SH,20240910,6.29,6.28,197747.94,122237.88
600707.SH,20240909,6.28,6.44,166739.4,105315.733
600707.SH,20240906,6.44,6.6,149386.0,97090.888
600707.SH,20240905,6.6,6.7,209523.91,139023.57
600707.SH,20240904,6.7,6.69,255081.53,169672.013
600707.SH,20240903,6.69,6.54,255879.53,170319.067
600707.SH,20240902,6.54,6.56,285734.18,187953.963
600707.SH,20240830,6.56,6.49,309349.92,204027.977
600707.SH,20240829,6.49,6.26,228974.0,147106.694
600707.SH,20240828,6.26,6.31,114887.99,71910.521
600707.SH,20240827,6.31,6.56,139040.04,88636.738
600707.SH,20240826,6.56,6.53,168953.91,110757.152
600707.SH,20240823,6.53,6.48,136340.0,88621.837
600707.SH,20240822,6.48,6.56,134335.0,87066.893
600707.SH,20240821,6.56,6.54,148411.06,97411.73
600707.SH,20240820,6.54,6.66,224338.0,147314.386
600707.SH,20240819,6.66,6.6,213461.0,141952.27
600707.SH,20240816,6.6,6.48,309894.8,205126.623
600707.SH,20240815,6.48,6.29,295351.17,191804.032
600707.SH,20240814,6.29,6.26,155036.0,97733.0
600707.SH,20240813,6.26,6.17,118556.0,73449.176
600707.SH,20240812,6.17,6.16,125722.0,77673.447
600707.SH,20240809,6.16,6.14,137175.0,85011.418
600707.SH,20240808,6.14,6.12,126806.0,77496.028
600707.SH,20240807,6.12,6.09,138534.93,84656.951
600707.SH,20240806,6.09,5.99,158316.8,95844.945
600707.SH,20240805,5.99,6.2,247171.7,150357.406
600707.SH,20240802,6.2,6.45,188430.3,119111.086
600707.SH,20240801,6.45,6.51,228035.73,147641.342
600707.SH,20240731,6.51,6.1,336116.69,214110.441
600707.SH,20240730,6.1,6.14,152139.0,92578.614
600707.SH,20240729,6.14,6.11,196564.32,120604.975
600707.SH,20240726,6.11,6.0,244362.75,149146.676
600707.SH,20240725,6.0,6.06,347179.7,208768.506
600707.SH,20240724,6.06,6.51,535352.12,331848.119
600707.SH,20240723,6.51,6.88,365902.7,242378.838
600707.SH,20240722,6.88,7.090000000000001,344195.06,238314.509
600707.SH,20240719,7.090000000000001,7.140000000000001,189894.4,135268.274
600707.SH,20240718,7.140000000000001,7.24,269059.56,190355.571
600707.SH,20240717,7.24,7.61,235153.0,173409.101
600707.SH,20240716,7.61,7.35,308473.6,231866.472
600707.SH,20240715,7.35,7.43,281043.25,205817.869
600707.SH,20240712,7.43,7.539999999999999,280075.6,208453.257
600707.SH,20240711,7.539999999999999,7.159999999999999,485327.49,358516.223
600707.SH,20240710,7.159999999999999,6.81,675895.89,484853.374
600707.SH,20240709,6.81,6.46,256604.8,170240.895
600707.SH,20240708,6.46,6.62,203179.28,131927.214
600707.SH,20240705,6.62,6.6,131609.0,86593.879
600707.SH,20240704,6.6,6.71,140356.11,93458.348
600707.SH,20240703,6.71,6.76,141733.01,95608.496
600707.SH,20240702,6.76,6.96,222914.0,152083.118
600707.SH,20240701,6.96,6.81,224283.05,154598.436
600707.SH,20240628,6.81,6.73,215109.67,147384.539
600707.SH,20240627,6.73,6.8,186273.2,126730.088
600707.SH,20240626,6.8,6.618835019797625,164274.51,109798.551
600707.SH,20240625,6.618835019797625,6.74,175614.5,117689.915
600707.SH,20240624,6.74,6.94,287551.69,195860.313
600707.SH,20240621,6.94,6.93,143590.81,99703.494
600707.SH,20240620,6.93,7.15,149858.0,105195.968
600707.SH,20240619,7.15,7.159999999999999,152763.0,109142.015
600707.SH,20240618,7.159999999999999,7.03,259186.14,184339.477
600707.SH,20240617,7.03,7.0,229413.0,160749.767
600707.SH,20240614,7.0,6.79,294593.42,204483.2
600707.SH,20240613,6.79,6.94,309787.16,211170.317
600707.SH,20240612,6.94,7.03,236711.32,165548.444
600707.SH,20240611,7.03,6.99,202143.4,141129.732
600707.SH,20240607,6.99,6.96,207804.4,145067.993
600707.SH,20240606,6.96,7.0,262017.8,184122.764
600707.SH,20240605,7.0,7.06,242785.7,171998.475
600707.SH,20240604,7.06,7.01,257002.33,179134.351
600707.SH,20240603,7.01,7.090000000000001,262929.01,184308.411
600707.SH,20240531,7.090000000000001,7.0,288359.82,205744.32
600707.SH,20240530,7.0,7.070000000000001,308172.28,217506.685
600707.SH,20240529,7.070000000000001,7.080000000000001,186850.82,132189.57
600707.SH,20240528,7.080000000000001,7.159999999999999,323721.65,230617.66
600707.SH,20240527,7.159999999999999,7.29,472469.11,334366.187
600707.SH,20240524,7.29,7.38,369117.0,269395.267
600707.SH,20240523,7.38,7.68,448105.82,333966.378
600707.SH,20240522,7.68,7.77,363368.5,282086.254
600707.SH,20240521,7.77,7.840000000000001,569518.15,442147.03
600707.SH,20240520,7.840000000000001,8.17,1152979.49,941984.861
600707.SH,20240517,8.17,7.9,378333.83,307472.501
600707.SH,20240516,7.9,7.889999999999999,181105.0,145021.149
600707.SH,20240515,7.889999999999999,7.96,125712.0,99991.058
600707.SH,20240514,7.96,8.13,218794.82,176690.052
600707.SH,20240513,8.13,8.09,213120.63,173395.991
600707.SH,20240510,8.09,8.06,182534.0,146848.792
600707.SH,20240509,8.06,8.12,270658.89,220381.232
600707.SH,20240508,8.12,8.06,280612.33,228564.463
600707.SH,20240507,8.06,8.18,344878.0,277940.06
600707.SH,20240506,8.18,8.1,464796.21,380587.875
600707.SH,20240430,8.1,7.800000000000001,603321.0,488902.669
600707.SH,20240429,7.800000000000001,7.790000000000001,410450.01,322040.2
600707.SH,20240426,7.790000000000001,7.4799999999999995,301391.42,231918.887
600707.SH,20240425,7.4799999999999995,7.38,272235.0,203346.569
600707.SH,20240424,7.38,7.15,252563.09,183956.198
600707.SH,20240423,7.15,7.090000000000001,266277.99,191003.757
600707.SH,20240422,7.090000000000001,7.34,489706.99,343312.54
600707.SH,20240419,7.34,7.63,396693.57,293578.121
600707.SH,20240418,7.63,7.57,415954.82,319187.976
600707.SH,20240417,7.57,7.360000000000001,468841.87,351527.284
600707.SH,20240416,7.360000000000001,7.91,520485.91,393306.039
600707.SH,20240415,7.91,7.829999999999999,556617.2,433406.827
600707.SH,20240412,7.829999999999999,7.62,581995.8,455431.113
600707.SH,20240411,7.62,7.559999999999999,530299.1,407973.209
600707.SH,20240410,7.559999999999999,7.81,516119.48,390963.901
600707.SH,20240409,7.81,7.92,927789.42,714318.45
600707.SH,20240408,7.92,8.78,1245325.22,1006664.955
600707.SH,20240403,8.78,8.46,1557053.24,1338381.992
600707.SH,20240402,8.46,8.09,1552524.44,1317625.038
600707.SH,20240401,8.09,7.35,226004.0,180757.316
600707.SH,20240329,7.35,7.209999999999999,177605.23,129170.948
600707.SH,20240328,7.209999999999999,6.99,226492.0,163137.019
600707.SH,20240327,6.99,7.080000000000001,239102.62,168513.451
600707.SH,20240326,7.080000000000001,7.109999999999999,141348.0,100112.566
600707.SH,20240325,7.109999999999999,7.269999999999999,197643.0,142497.334
600707.SH,20240322,7.269999999999999,7.470000000000001,287428.01,210728.256
600707.SH,20240321,7.470000000000001,7.420000000000001,328158.85,249353.619
600707.SH,20240320,7.420000000000001,7.489999999999999,245413.11,182127.398
600707.SH,20240319,7.489999999999999,7.35,497625.98,374462.948
600707.SH,20240318,7.35,7.24,304380.44,223468.627
600707.SH,20240315,7.24,7.06,295735.68,212131.117
600707.SH,20240314,7.06,7.119999999999999,234979.65,166214.493
600707.SH,20240313,7.119999999999999,7.169999999999999,202112.18,144705.805
600707.SH,20240312,7.169999999999999,7.33,205040.1,147841.66
600707.SH,20240311,7.33,7.2,264770.78,191801.761
600707.SH,20240308,7.2,6.97,249025.35,177518.136
600707.SH,20240307,6.97,7.179999999999999,275481.59,194911.642
600707.SH,20240306,7.179999999999999,7.23,239135.0,172817.037
600707.SH,20240305,7.23,7.179999999999999,349837.45,252566.187
600707.SH,20240304,7.179999999999999,7.23,310818.26,222308.129
600707.SH,20240301,7.23,6.91,495836.88,351322.307
600707.SH,20240229,6.91,6.55,352105.89,239392.296
600707.SH,20240228,6.55,6.81,318322.02,215132.408
600707.SH,20240227,6.81,6.7,264735.14,178692.189
600707.SH,20240226,6.7,6.6,258249.0,172921.512
600707.SH,20240223,6.6,6.68,277999.42,182858.159
600707.SH,20240222,6.68,6.6,225406.88,149030.914
600707.SH,20240221,6.6,6.54,296806.05,198595.037
600707.SH,20240220,6.54,6.58,235598.58,153123.307
600707.SH,20240219,6.58,6.4,370225.6,238895.184
600707.SH,20240208,6.4,6.17,574272.35,369335.293
600707.SH,20240207,6.17,5.71,546198.53,331902.257
600707.SH,20240206,5.71,5.19,406548.89,221901.106
600707.SH,20240205,5.19,5.59,434176.9,228126.224
600707.SH,20240202,5.59,5.82,352310.62,200439.063
600707.SH,20240201,5.82,5.82,421062.79,245722.779
600707.SH,20240131,5.82,5.99,405255.33,241481.188
600707.SH,20240130,5.99,6.66,441416.0,273780.068
600707.SH,20240129,6.66,6.63,278945.01,186477.466
600707.SH,20240126,6.63,6.65,179240.16,118912.056
600707.SH,20240125,6.65,6.3,267940.42,173867.01
600707.SH,20240124,6.3,6.05,360118.0,221095.107
600707.SH,20240123,6.05,6.01,245035.0,147439.212
600707.SH,20240122,6.01,6.34,256740.69,158375.345
600707.SH,20240119,6.34,6.37,159198.77,101122.135
600707.SH,20240118,6.37,6.45,232376.9,145759.444
600707.SH,20240117,6.45,6.61,172862.1,112708.448
600707.SH,20240116,6.61,6.56,226734.1,147686.8
600707.SH,20240115,6.56,6.53,199723.35,130981.275
600707.SH,20240112,6.53,6.6,153854.18,100999.714
600707.SH,20240111,6.6,6.6,224881.4,149619.824
600707.SH,20240110,6.6,6.66,288408.7,190979.312
600707.SH,20240109,6.66,6.68,369197.52,247556.914
600707.SH,20240108,6.68,6.64,634124.41,429634.319
600707.SH,20240105,6.64,6.72,266927.0,177839.591
600707.SH,20240104,6.72,6.7,340173.75,226952.6
600707.SH,20240103,6.7,6.71,296661.45,197478.889
600707.SH,20240102,6.71,6.75,413795.21,276362.038
600707.SH,20231229,6.75,6.49,594930.5,399506.107
600707.SH,20231228,6.49,6.34,472321.39,303160.547
600707.SH,20231227,6.34,6.01,535408.17,330369.712
600707.SH,20231226,6.01,6.01,218914.0,130765.395
600707.SH,20231225,6.01,5.92,204730.8,122507.091
600707.SH,20231222,5.92,5.89,174729.5,103259.089
600707.SH,20231221,5.89,5.91,147982.0,86559.748
600707.SH,20231220,5.91,6.01,136936.0,81592.832
600707.SH,20231219,6.01,5.89,156135.66,93035.046
600707.SH,20231218,5.89,5.95,165219.66,97772.329
600707.SH,20231215,5.95,6.07,144510.83,86551.883
600707.SH,20231214,6.07,6.14,134704.0,82457.748
600707.SH,20231213,6.14,6.18,158056.0,97637.001
600707.SH,20231212,6.18,6.14,191576.88,118077.037
600707.SH,20231211,6.14,5.98,270462.0,163819.527
600707.SH,20231208,5.98,5.84,251369.96,151080.036
600707.SH,20231207,5.84,5.81,159304.0,93455.579
600707.SH,20231206,5.81,5.74,160312.21,92933.4
600707.SH,20231205,5.74,5.87,176015.0,101733.762
600707.SH,20231204,5.87,5.94,192117.5,112900.503
600707.SH,20231201,5.94,5.92,211453.0,124544.528
600707.SH,20231130,5.92,6.25,391337.53,234331.135
600707.SH,20231129,6.25,6.09,390647.0,244792.26
600707.SH,20231128,6.09,5.97,190201.63,115230.054
600707.SH,20231127,5.97,5.97,191776.02,113796.541
600707.SH,20231124,5.97,6.08,120411.11,72084.806
600707.SH,20231123,6.08,6.03,136849.01,82412.918
600707.SH,20231122,6.03,6.15,153624.94,93094.573
600707.SH,20231121,6.15,6.27,179788.76,111594.171
600707.SH,20231120,6.27,6.12,305189.22,190217.89
600707.SH,20231117,6.12,6.04,184231.94,112440.751
600707.SH,20231116,6.04,6.08,133232.4,80953.883
600707.SH,20231115,6.08,6.11,148283.88,90296.379
600707.SH,20231114,6.11,5.98,196251.84,119412.137
600707.SH,20231113,5.98,5.97,175833.81,104697.032
600707.SH,20231110,5.97,5.96,194506.72,116101.288
600707.SH,20231109,5.96,6.1,209634.02,125626.485
600707.SH,20231108,6.1,6.31,236223.96,145261.166
600707.SH,20231107,6.31,6.24,225715.84,141691.547
600707.SH,20231106,6.24,5.94,377074.59,232792.969
600707.SH,20231103,5.94,5.81,187535.47,110375.997
600707.SH,20231102,5.81,5.88,195123.38,114404.477
600707.SH,20231101,5.88,6.06,278854.28,164972.854
600707.SH,20231031,6.06,6.06,300347.29,182647.726
600707.SH,20231030,6.06,5.75,480656.57,286891.285
600707.SH,20231027,5.75,5.68,582297.03,338644.603
600707.SH,20231026,5.68,5.67,136090.13,76495.631
600707.SH,20231025,5.67,5.62,110362.56,62881.671
600707.SH,20231024,5.62,5.52,164857.0,92291.416
600707.SH,20231023,5.52,5.65,154298.0,85588.636
600707.SH,20231020,5.65,5.84,148954.01,85246.583
600707.SH,20231019,5.84,5.9,125770.0,74000.715
600707.SH,20231018,5.9,6.02,169075.35,100098.087
600707.SH,20231017,6.02,6.04,137809.27,83131.771
600707.SH,20231016,6.04,6.15,180072.05,108708.924
600707.SH,20231013,6.15,6.1,144540.37,88732.199
600707.SH,20231012,6.1,6.06,189106.21,115475.503
600707.SH,20231011,6.06,6.09,125149.0,75911.616
600707.SH,20231010,6.09,6.1,226909.38,138577.934
600707.SH,20231009,6.1,5.96,200551.01,121451.983
600707.SH,20230928,5.96,5.76,182295.0,107614.432
600707.SH,20230927,5.76,5.75,133123.0,76974.565
600707.SH,20230926,5.75,5.8,135558.0,78204.256
600707.SH,20230925,5.8,5.84,141820.0,82098.597
600707.SH,20230922,5.84,5.83,222044.95,129523.999
600707.SH,20230921,5.83,5.83,198194.5,116055.242
600707.SH,20230920,5.83,5.8,148653.42,87112.814
600707.SH,20230919,5.8,5.91,265947.79,153971.084
600707.SH,20230918,5.91,6.12,264002.46,157044.813
600707.SH,20230915,6.12,6.11,252090.84,154204.623
600707.SH,20230914,6.11,6.13,159649.73,97469.876
600707.SH,20230913,6.13,6.27,177979.42,109413.917
600707.SH,20230912,6.27,6.26,124428.77,77727.653
600707.SH,20230911,6.26,6.13,221772.39,137962.726
600707.SH,20230908,6.13,6.11,108621.01,66763.018
600707.SH,20230907,6.11,6.28,178298.9,109593.997
600707.SH,20230906,6.28,6.22,160907.1,100526.39
600707.SH,20230905,6.22,6.19,221425.69,137701.999
600707.SH,20230904,6.19,6.11,240246.12,148052.796
600707.SH,20230901,6.11,6.06,194394.9,118877.532
600707.SH,20230831,6.06,6.08,247236.54,150292.773
600707.SH,20230830,6.08,5.95,353145.65,215524.344
600707.SH,20230829,5.95,5.77,241924.0,142563.886
600707.SH,20230828,5.77,5.77,200605.74,118142.637
600707.SH,20230825,5.77,5.86,146879.53,85258.797
600707.SH,20230824,5.86,5.9,144121.0,85404.989
600707.SH,20230823,5.9,6.01,108978.0,64756.152
600707.SH,20230822,6.01,5.94,128986.93,76956.991
600707.SH,20230821,5.94,5.96,144599.74,86869.975
600707.SH,20230818,5.96,6.1,153736.48,92247.594
600707.SH,20230817,6.1,6.04,124372.84,75403.184
600707.SH,20230816,6.04,6.13,155048.64,94120.183
600707.SH,20230815,6.13,6.18,160407.0,98518.232
600707.SH,20230814,6.18,6.06,255093.56,155295.842
600707.SH,20230811,6.06,6.35,265893.6,163820.712
600707.SH,20230810,6.35,6.26,175764.38,111321.118
600707.SH,20230809,6.26,6.39,308616.44,193065.137
600707.SH,20230808,6.39,6.5,304260.7,195110.314
600707.SH,20230807,6.5,6.52,242627.28,158317.588
600707.SH,20230804,6.52,6.49,333879.02,217785.32
600707.SH,20230803,6.49,6.46,263604.79,169835.64
600707.SH,20230802,6.46,6.44,241968.19,156123.681
600707.SH,20230801,6.44,6.35,374899.75,240128.605
600707.SH,20230731,6.35,6.41,426047.64,271782.199
600707.SH,20230728,6.41,6.48,417050.0,269268.042
600707.SH,20230727,6.48,6.4,452645.62,292719.31
600707.SH,20230726,6.4,6.38,502315.18,320262.589
600707.SH,20230725,6.38,6.43,555235.89,354528.635
600707.SH,20230724,6.43,6.44,703036.17,458782.854
600707.SH,20230721,6.44,6.33,849025.25,542799.221
600707.SH,20230720,6.33,6.56,821770.54,523118.992
600707.SH,20230719,6.56,6.74,802595.07,523749.422
600707.SH,20230718,6.74,6.88,1365807.11,908781.368
600707.SH,20230717,6.88,6.67,1518774.87,1034122.205
600707.SH,20230714,6.67,6.06,1210394.93,796889.063
600707.SH,20230713,6.06,6.01,708598.74,430290.728
600707.SH,20230712,6.01,5.84,923426.17,556467.206
600707.SH,20230711,5.84,5.7,954448.38,558629.293
600707.SH,20230710,5.7,5.72,767095.24,437275.176
600707.SH,20230707,5.72,5.83,1718081.85,985387.79
600707.SH,20230706,5.83,5.3,904062.39,516691.551
600707.SH,20230705,5.3,5.16,846276.73,449845.493
600707.SH,20230704,5.16,4.93,587631.73,299050.686
600707.SH,20230703,4.93,4.76,569865.35,284073.95
600707.SH,20230630,4.76,4.56,322206.62,151639.627
600707.SH,20230629,4.56,4.54,118751.07,54299.493
600707.SH,20230628,4.54,4.58,117224.08,53006.508
600707.SH,20230627,4.58,4.52,105490.14,48104.355
600707.SH,20230626,4.52,4.6,187940.51,85343.037
600707.SH,20230621,4.6,4.69,146415.14,67841.487
600707.SH,20230620,4.69,4.73,107976.01,50839.921
600707.SH,20230619,4.73,4.66,217433.85,102331.038
600707.SH,20230616,4.66,4.61,124144.17,57494.293
600707.SH,20230615,4.61,4.67,139478.79,64586.566
600707.SH,20230614,4.67,4.68,150054.0,69807.077
600707.SH,20230613,4.68,4.72,127080.31,59421.969
600707.SH,20230612,4.72,4.59,237768.17,112085.354
600707.SH,20230609,4.59,4.6,161552.73,73802.706
600707.SH,20230608,4.6,4.69,169169.95,77987.142
600707.SH,20230607,4.69,4.68,109335.0,51241.702
600707.SH,20230606,4.68,4.79,176908.0,83668.97
600707.SH,20230605,4.79,4.79,152979.0,73300.162
600707.SH,20230602,4.79,4.66,261944.67,124708.199
600707.SH,20230601,4.66,4.66,139815.46,65108.058
600707.SH,20230531,4.66,4.66,208095.89,96807.892
600707.SH,20230530,4.66,4.65,260830.71,119772.353
600707.SH,20230529,4.65,4.64,362896.56,171306.702
600707.SH,20230526,4.64,4.68,217088.4,100460.434
600707.SH,20230525,4.68,4.75,387049.01,181792.5
600707.SH,20230524,4.75,4.59,540849.47,253189.005
600707.SH,20230523,4.59,4.64,412446.9,196855.855
600707.SH,20230522,4.64,4.69,104707.68,48876.223
600707.SH,20230519,4.69,4.65,115250.0,53827.296
600707.SH,20230518,4.65,4.6,125455.59,58150.923
600707.SH,20230517,4.6,4.62,90672.08,41753.849
600707.SH,20230516,4.62,4.65,120703.1,55621.207
600707.SH,20230515,4.65,4.63,153000.6,70337.181
600707.SH,20230512,4.63,4.59,197981.13,91646.391
600707.SH,20230511,4.59,4.5,185543.91,84847.905
600707.SH,20230510,4.5,4.54,140079.56,63184.948
600707.SH,20230509,4.54,4.51,206875.7,94346.987
600707.SH,20230508,4.51,4.51,129379.56,58149.179
600707.SH,20230505,4.51,4.53,124970.0,56192.27
600707.SH,20230504,4.53,4.55,155249.15,70372.241
600707.SH,20230428,4.55,4.48,120265.78,54428.147
600707.SH,20230427,4.48,4.44,132285.0,59179.632
600707.SH,20230426,4.44,4.51,131410.52,58513.418
600707.SH,20230425,4.51,4.59,164999.0,74522.877
600707.SH,20230424,4.59,4.56,184181.36,84508.516
600707.SH,20230421,4.56,4.87,317100.39,148200.677
600707.SH,20230420,4.87,4.78,207509.56,101136.465
600707.SH,20230419,4.78,4.8,156891.75,75582.394
600707.SH,20230418,4.8,4.93,200594.41,96686.781
600707.SH,20230417,4.93,4.99,192494.41,94998.302
600707.SH,20230414,4.99,5.0,184591.52,91796.034
600707.SH,20230413,5.0,5.13,263406.46,132642.099
600707.SH,20230412,5.13,5.11,220031.04,112600.873
600707.SH,20230411,5.11,5.07,181125.13,92129.41
600707.SH,20230410,5.07,5.14,237972.04,122028.632
600707.SH,20230407,5.14,5.11,209806.11,107836.918
600707.SH,20230406,5.11,5.04,342614.05,175265.384
600707.SH,20230404,5.04,5.07,185674.0,93386.19
600707.SH,20230403,5.07,5.01,179902.62,91130.603
600707.SH,20230331,5.01,5.03,159515.0,79681.791
600707.SH,20230330,5.03,5.02,177573.75,89102.108
600707.SH,20230329,5.02,5.02,174595.73,88082.486
600707.SH,20230328,5.02,5.08,244909.81,123416.396
600707.SH,20230327,5.08,5.16,296607.88,151560.788
600707.SH,20230324,5.16,5.08,404558.87,206956.391
600707.SH,20230323,5.08,5.02,352915.21,177830.433
600707.SH,20230322,5.02,4.85,445306.58,220912.61
600707.SH,20230321,4.85,4.92,345200.67,167522.547
600707.SH,20230320,4.92,4.89,259437.0,127308.921
600707.SH,20230317,4.89,4.71,359600.18,174816.607
600707.SH,20230316,4.71,4.84,195680.05,93472.033
600707.SH,20230315,4.84,4.74,258254.41,125272.442
600707.SH,20230314,4.74,4.81,233039.25,110372.324
600707.SH,20230313,4.81,4.8,205673.29,98609.243
600707.SH,20230310,4.8,4.87,284196.27,137015.343
600707.SH,20230309,4.87,4.95,356224.35,174079.312
600707.SH,20230308,4.95,5.05,437045.43,215532.554
600707.SH,20230307,5.05,5.09,543355.29,283076.304
600707.SH,20230306,5.09,5.15,302572.62,154878.86
600707.SH,20230303,5.15,5.1,445328.82,227402.209
600707.SH,20230302,5.1,5.15,342979.07,175595.789
600707.SH,20230301,5.15,5.09,412457.54,212636.416
600707.SH,20230228,5.09,5.14,399686.09,203080.013
600707.SH,20230227,5.14,5.21,461593.1,239815.33
600707.SH,20230224,5.21,5.35,859328.61,446428.55
600707.SH,20230223,5.35,5.0,1199662.44,625435.926
600707.SH,20230222,5.0,5.07,397721.54,198099.816
600707.SH,20230221,5.07,5.03,612773.54,309941.842
600707.SH,20230220,5.03,4.92,667461.27,334213.536
600707.SH,20230217,4.92,5.09,841269.33,420602.226
600707.SH,20230216,5.09,5.04,1848095.72,960296.132
600707.SH,20230215,5.04,4.58,276668.57,138882.513
600707.SH,20230214,4.58,4.62,127542.44,58693.706
600707.SH,20230213,4.62,4.62,117048.62,53871.087
600707.SH,20230210,4.62,4.65,134251.69,62290.479
600707.SH,20230209,4.65,4.56,204539.21,94817.554
600707.SH,20230208,4.56,4.61,107248.83,49129.824
600707.SH,20230207,4.61,4.58,175008.29,80047.596
600707.SH,20230206,4.58,4.61,164898.84,75612.098
600707.SH,20230203,4.61,4.62,245305.98,111978.828
600707.SH,20230202,4.62,4.66,247165.0,114979.7
600707.SH,20230201,4.66,4.57,278798.11,129300.605
600707.SH,20230131,4.57,4.63,192708.0,87851.227
600707.SH,20230130,4.63,4.52,249494.09,115001.74
600707.SH,20230120,4.52,4.54,165321.59,74790.766
600707.SH,20230119,4.54,4.4,232086.51,104250.982
600707.SH,20230118,4.4,4.44,127213.59,56086.388
600707.SH,20230117,4.44,4.31,258101.21,113777.385
600707.SH,20230116,4.31,4.21,185694.93,79499.025
600707.SH,20230113,4.21,4.21,83543.03,35050.284
600707.SH,20230112,4.21,4.16,132631.47,55606.44
600707.SH,20230111,4.16,4.18,138850.0,58196.127
600707.SH,20230110,4.18,4.22,81563.13,34211.229
600707.SH,20230109,4.22,4.3,233298.59,99262.089
600707.SH,20230106,4.3,4.27,206083.75,89027.59
600707.SH,20230105,4.27,4.26,76553.64,32602.204
600707.SH,20230104,4.26,4.23,110586.98,46929.426
600707.SH,20230103,4.23,4.14,114696.71,48126.062
600707.SH,20221230,4.14,4.16,101632.0,42025.624
600707.SH,20221229,4.16,4.25,135955.51,56903.826
600707.SH,20221228,4.25,4.31,90503.95,38486.66
600707.SH,20221227,4.31,4.25,89486.44,38437.878
600707.SH,20221226,4.25,4.33,138206.1,59113.134
600707.SH,20221223,4.33,4.3,109471.0,47284.42
600707.SH,20221222,4.3,4.34,100991.0,43793.258
600707.SH,20221221,4.34,4.38,101063.67,44062.165
600707.SH,20221220,4.38,4.34,111969.53,48818.816
600707.SH,20221219,4.34,4.57,253817.95,111707.592
600707.SH,20221216,4.57,4.55,166599.83,75580.145
600707.SH,20221215,4.55,4.52,154727.13,70322.506
600707.SH,20221214,4.52,4.61,195133.13,89247.397
600707.SH,20221213,4.61,4.58,245874.55,113474.43
600707.SH,20221212,4.58,4.44,337803.84,154415.517
600707.SH,20221209,4.44,4.43,163462.08,72788.824
600707.SH,20221208,4.43,4.54,206748.42,92306.209
600707.SH,20221207,4.54,4.65,218940.84,99966.156
600707.SH,20221206,4.65,4.63,251212.39,116046.515
600707.SH,20221205,4.63,4.53,278578.04,127688.927
600707.SH,20221202,4.53,4.51,154931.35,69902.769
600707.SH,20221201,4.51,4.48,241896.89,109718.098
600707.SH,20221130,4.48,4.55,197016.36,88824.929
600707.SH,20221129,4.55,4.45,262343.68,118473.724
600707.SH,20221128,4.45,4.49,187052.0,82764.132
600707.SH,20221125,4.49,4.52,142280.0,63898.872
600707.SH,20221124,4.52,4.62,277756.95,125938.39
600707.SH,20221123,4.62,4.58,375629.29,173305.071
600707.SH,20221122,4.58,4.53,515815.63,240444.339
600707.SH,20221121,4.53,4.63,337568.17,152570.403
600707.SH,20221118,4.63,4.79,543430.91,254773.097
600707.SH,20221117,4.79,4.67,695039.13,328167.253
600707.SH,20221116,4.67,4.65,1110463.78,527686.022
600707.SH,20221115,4.65,4.23,756501.99,340803.401
600707.SH,20221114,4.23,4.25,193276.15,82216.44
600707.SH,20221111,4.25,4.18,342979.69,146637.07
600707.SH,20221110,4.18,4.31,362014.5,152598.229
600707.SH,20221109,4.31,4.24,550813.89,238760.336
600707.SH,20221108,4.24,4.27,469613.91,204314.974
600707.SH,20221107,4.27,4.23,264781.64,113259.549
600707.SH,20221104,4.23,4.11,200552.1,83731.187
600707.SH,20221103,4.11,4.16,153284.0,62904.371
600707.SH,20221102,4.16,4.15,194533.74,81185.381
600707.SH,20221101,4.15,3.98,193524.0,79106.344
600707.SH,20221031,3.98,4.04,188447.52,75352.545
600707.SH,20221028,4.04,4.23,195946.08,80678.344
600707.SH,20221027,4.23,4.24,198811.11,84547.137
600707.SH,20221026,4.24,4.11,191086.81,80439.803
600707.SH,20221025,4.11,4.18,186105.01,76864.815
600707.SH,20221024,4.18,4.23,205806.0,87032.334
600707.SH,20221021,4.23,4.35,320169.84,136557.759
600707.SH,20221020,4.35,4.35,256303.06,111054.99
600707.SH,20221019,4.35,4.48,390077.38,171368.566
600707.SH,20221018,4.48,4.43,477915.48,214106.556
600707.SH,20221017,4.43,4.35,600200.06,261304.578
600707.SH,20221014,4.35,4.17,726046.88,315114.43
600707.SH,20221013,4.17,4.04,724439.17,302935.094
600707.SH,20221012,4.04,3.67,567803.28,226226.087
600707.SH,20221011,3.67,3.66,75153.24,27558.949
600707.SH,20221010,3.66,3.7100000000000004,93927.45,34877.778
600707.SH,20220930,3.7100000000000004,3.69,105283.86,39224.428
600707.SH,20220929,3.69,3.7399999999999998,108667.88,40552.434
600707.SH,20220928,3.7399999999999998,3.85,113444.51,42904.475
600707.SH,20220927,3.85,3.7100000000000004,142132.65,53888.922
600707.SH,20220926,3.7100000000000004,3.81,131003.11,49119.656
600707.SH,20220923,3.81,3.88,138787.55,53240.667
600707.SH,20220922,3.88,3.95,161227.42,62901.227
600707.SH,20220921,3.95,3.9200000000000004,221913.42,86019.331
600707.SH,20220920,3.9200000000000004,3.93,240781.01,94680.973
600707.SH,20220919,3.93,4.2,468322.61,187355.062
600707.SH,20220916,4.2,4.66,844188.23,366550.942
600707.SH,20220915,4.66,4.44,1162471.01,551690.067
600707.SH,20220914,4.44,4.47,164489.56,73648.748
600707.SH,20220913,4.47,4.49,93420.0,41980.822
600707.SH,20220909,4.49,4.45,90706.1,40421.535
600707.SH,20220908,4.45,4.47,90476.24,40349.452
600707.SH,20220907,4.47,4.47,82712.06,36973.644
600707.SH,20220906,4.47,4.46,85384.41,38032.837
600707.SH,20220905,4.46,4.45,91619.0,40686.495
600707.SH,20220902,4.45,4.35,115125.86,51095.984
600707.SH,20220901,4.35,4.42,99219.0,43584.438
600707.SH,20220831,4.42,4.46,147405.62,65392.148
600707.SH,20220830,4.46,4.44,113893.23,50623.695
600707.SH,20220829,4.44,4.34,170144.38,74999.345
600707.SH,20220826,4.34,4.4,132253.99,57879.494
600707.SH,20220825,4.4,4.45,159892.41,70026.427
600707.SH,20220824,4.45,4.62,223640.0,100793.476
600707.SH,20220823,4.62,4.62,125931.0,58055.059
600707.SH,20220822,4.62,4.63,137335.29,63346.52
600707.SH,20220819,4.63,4.68,227725.83,107221.339
600707.SH,20220818,4.68,4.69,203284.0,94615.885
600707.SH,20220817,4.69,4.59,267134.26,124671.934
600707.SH,20220816,4.59,4.64,173180.53,79672.852
600707.SH,20220815,4.64,4.59,195174.0,90031.977
600707.SH,20220812,4.59,4.64,168085.0,77760.658
600707.SH,20220811,4.64,4.51,249446.57,115385.98
600707.SH,20220810,4.51,4.55,106765.9,48282.021
600707.SH,20220809,4.55,4.55,240122.41,109124.97
600707.SH,20220808,4.55,4.5,189998.1,85848.289
600707.SH,20220805,4.5,4.38,222704.25,98884.415
600707.SH,20220804,4.38,4.3,146515.9,63878.062
600707.SH,20220803,4.3,4.33,169502.11,74156.133
600707.SH,20220802,4.33,4.49,229627.44,99408.474
600707.SH,20220801,4.49,4.45,137739.43,61447.05
600707.SH,20220729,4.45,4.44,168132.44,74457.17
600707.SH,20220728,4.44,4.37,249137.35,111652.383
600707.SH,20220727,4.37,4.37,103113.31,45113.863
600707.SH,20220726,4.37,4.32,137360.39,59412.28
600707.SH,20220725,4.32,4.27,161759.01,69483.673
600707.SH,20220722,4.27,4.3,151528.11,64831.668
600707.SH,20220721,4.3,4.32,131884.34,56955.077
600707.SH,20220720,4.32,4.32,135271.75,58387.137
600707.SH,20220719,4.32,4.3,152308.0,65800.341
600707.SH,20220718,4.3,4.26,162425.02,69401.739
600707.SH,20220715,4.26,4.23,294997.67,123848.986
600707.SH,20220714,4.23,4.49,402983.55,171796.519
600707.SH,20220713,4.49,4.51,131933.0,59233.384
600707.SH,20220712,4.51,4.66,183790.45,83892.96
600707.SH,20220711,4.66,4.57,297915.64,137504.295
600707.SH,20220708,4.57,4.62,181804.0,83624.622
600707.SH,20220707,4.62,4.53,268529.58,125086.734
600707.SH,20220706,4.53,4.57,171673.55,78064.628
600707.SH,20220705,4.57,4.62,233091.19,106297.204
600707.SH,20220704,4.62,4.71,202683.76,93889.711
600707.SH,20220701,4.71,4.68,247058.24,116960.962
600707.SH,20220630,4.68,4.71,269353.22,127084.552
600707.SH,20220629,4.71,4.86,361724.46,172637.984
600707.SH,20220628,4.86,4.71,561035.73,268790.988
600707.SH,20220627,4.71,4.66,278229.06,130564.376
600707.SH,20220624,4.66,4.62,256761.83,119135.843
600707.SH,20220623,4.62,4.57,256724.81,117708.523
600707.SH,20220622,4.57,4.73,373536.88,172710.181
600707.SH,20220621,4.73,4.71,473160.08,223922.807
600707.SH,20220620,4.71,4.72,510883.83,241792.461
600707.SH,20220617,4.72,4.87,788902.01,370204.455
600707.SH,20220616,4.87,4.77,1306709.94,651386.461
600707.SH,20220615,4.77,4.34,591703.95,270984.467
600707.SH,20220614,4.34,4.31,240462.95,102348.053
600707.SH,20220613,4.31,4.36,233440.31,100725.487
600707.SH,20220610,4.36,4.33,253934.66,109936.83
600707.SH,20220609,4.33,4.48,237487.87,103653.439
600707.SH,20220608,4.48,4.47,246055.14,109123.86
600707.SH,20220607,4.47,4.53,230400.0,103270.266
600707.SH,20220606,4.53,4.43,312373.51,140420.48
600707.SH,20220602,4.43,4.4,243372.15,107553.12
600707.SH,20220601,4.4,4.46,335694.19,148281.497
600707.SH,20220531,4.46,4.61,701575.34,311188.359
600707.SH,20220530,4.61,4.34,1057697.26,495501.516
600707.SH,20220527,4.34,4.38,159824.23,69565.053
600707.SH,20220526,4.38,4.28,204412.66,88554.834
600707.SH,20220525,4.28,4.17,147055.05,62184.931
600707.SH,20220524,4.17,4.43,287845.54,123963.302
600707.SH,20220523,4.43,4.38,243643.48,107342.777
600707.SH,20220520,4.38,4.34,281199.18,123380.66
600707.SH,20220519,4.34,4.33,199488.77,85525.533
600707.SH,20220518,4.33,4.22,331540.94,143032.017
600707.SH,20220517,4.22,4.21,140836.0,59382.839
600707.SH,20220516,4.21,4.3,183426.45,77993.883
600707.SH,20220513,4.3,4.3,191401.01,82025.434
600707.SH,20220512,4.3,4.24,359724.84,152775.263
600707.SH,20220511,4.24,4.22,323360.11,138858.896
600707.SH,20220510,4.22,4.21,481432.76,202807.023
600707.SH,20220509,4.21,4.05,273690.56,114029.766
600707.SH,20220506,4.05,4.22,301899.56,123326.318
600707.SH,20220505,4.22,4.27,359505.68,151471.14
600707.SH,20220429,4.27,4.53,672724.39,281251.168
600707.SH,20220428,4.53,4.65,131749.12,60063.731
600707.SH,20220427,4.65,4.51,197125.84,89189.465
600707.SH,20220426,4.51,4.75,195215.75,90558.26
600707.SH,20220425,4.75,5.14,231400.59,113440.036
600707.SH,20220422,5.14,5.23,161020.74,82620.519
600707.SH,20220421,5.23,5.66,340395.67,183289.084
600707.SH,20220420,5.66,5.79,352640.75,202807.944
600707.SH,20220419,5.79,5.82,358929.8,208700.468
600707.SH,20220418,5.82,5.6,403255.34,232463.769
600707.SH,20220415,5.6,5.63,93244.21,52238.066
600707.SH,20220414,5.63,5.6,94068.99,52850.465
600707.SH,20220413,5.6,5.6,106911.3,60072.524
600707.SH,20220412,5.6,5.49,131667.06,72579.971
600707.SH,20220411,5.49,5.63,153361.38,84974.591
600707.SH,20220408,5.63,5.76,244807.0,137545.627
600707.SH,20220407,5.76,5.89,429904.19,251851.501
600707.SH,20220406,5.89,5.77,269576.71,157206.992
600707.SH,20220401,5.77,5.77,136523.77,78464.857
600707.SH,20220331,5.77,5.75,187120.88,107866.245
600707.SH,20220330,5.75,5.74,157381.19,90306.793
600707.SH,20220329,5.74,5.82,206730.31,118597.005
600707.SH,20220328,5.82,5.67,389728.53,224323.221
600707.SH,20220325,5.67,5.71,168167.63,96289.829
600707.SH,20220324,5.71,5.78,209710.21,119840.606
600707.SH,20220323,5.78,5.78,423851.11,244382.553
600707.SH,20220322,5.78,5.66,310969.52,179008.0
600707.SH,20220321,5.66,5.64,192720.98,109035.986
600707.SH,20220318,5.64,5.46,269616.97,151027.498
600707.SH,20220317,5.46,5.44,206018.91,113820.597
600707.SH,20220316,5.44,5.23,263420.35,140352.204
600707.SH,20220315,5.23,5.7,348473.92,189900.765
600707.SH,20220314,5.7,5.81,172556.44,99672.962
600707.SH,20220311,5.81,5.79,172842.95,98396.734
600707.SH,20220310,5.79,5.59,264797.57,153728.011
600707.SH,20220309,5.59,5.76,265941.56,149310.802
600707.SH,20220308,5.76,5.89,189976.0,110527.028
600707.SH,20220307,5.89,6.05,198847.28,117577.422
600707.SH,20220304,6.05,6.08,166261.24,100599.96
600707.SH,20220303,6.08,6.12,119279.74,72694.712
600707.SH,20220302,6.12,6.11,124162.77,75518.904
600707.SH,20220301,6.11,6.11,130906.73,79717.736
600707.SH,20220228,6.11,6.13,184925.62,111824.472
600707.SH,20220225,6.13,6.07,217295.92,134469.178
600707.SH,20220224,6.07,6.21,270852.61,166392.153
600707.SH,20220223,6.21,6.16,143076.1,88754.132
600707.SH,20220222,6.16,6.25,164938.98,101779.6
600707.SH,20220221,6.25,6.2,140419.06,87365.441
600707.SH,20220218,6.2,6.18,126492.86,78191.564
600707.SH,20220217,6.18,6.24,137871.06,85384.902
600707.SH,20220216,6.24,6.19,156843.71,98388.663
600707.SH,20220215,6.19,6.19,141247.25,87521.465
600707.SH,20220214,6.19,6.21,177124.81,109285.452
600707.SH,20220211,6.21,6.23,199278.64,124513.434
600707.SH,20220210,6.23,6.16,183152.56,113423.949
600707.SH,20220209,6.16,6.15,180144.68,110879.985
600707.SH,20220208,6.15,5.96,229849.59,139521.273
600707.SH,20220207,5.96,5.77,237623.8,141234.36
600707.SH,20220128,5.77,5.77,202926.67,116715.785
600707.SH,20220127,5.77,6.24,452513.0,263422.732
600707.SH,20220126,6.24,6.19,118967.04,74035.545
600707.SH,20220125,6.19,6.46,212624.28,133954.682
600707.SH,20220124,6.46,6.43,155568.64,99839.74
600707.SH,20220121,6.43,6.61,261132.06,169790.047
600707.SH,20220120,6.61,6.79,275107.59,183692.289
600707.SH,20220119,6.79,6.81,167501.67,113642.255
600707.SH,20220118,6.81,6.82,182085.75,123956.832
600707.SH,20220117,6.82,6.79,173557.34,118287.438
600707.SH,20220114,6.79,6.93,282730.45,192856.339
600707.SH,20220113,6.93,6.93,232932.84,162317.492
600707.SH,20220112,6.93,6.92,160394.67,110945.34
600707.SH,20220111,6.92,7.01,211272.84,147006.336
600707.SH,20220110,7.01,6.98,206166.64,143999.347
600707.SH,20220107,6.98,6.93,318315.74,222976.713
600707.SH,20220106,6.93,6.92,205768.77,141815.959
600707.SH,20220105,6.92,6.95,269929.33,187305.72
600707.SH,20220104,6.95,6.82,286064.95,197119.694
600707.SH,20211231,6.82,6.83,145232.42,99132.129
600707.SH,20211230,6.83,6.76,190716.68,130387.41
600707.SH,20211229,6.76,6.86,259317.81,175770.421
600707.SH,20211228,6.86,6.86,149934.62,102504.518
600707.SH,20211227,6.86,6.85,166730.57,113849.973
600707.SH,20211224,6.85,6.93,205506.98,140880.136
600707.SH,20211223,6.93,6.96,173554.0,120262.64
600707.SH,20211222,6.96,6.96,217323.0,151090.843
600707.SH,20211221,6.96,6.85,233439.66,161333.632
600707.SH,20211220,6.85,7.209999999999999,583442.47,403328.956
600707.SH,20211217,7.209999999999999,7.34,261511.23,189778.139
600707.SH,20211216,7.34,7.32,251968.0,184581.716
600707.SH,20211215,7.32,7.37,258110.21,189954.838
600707.SH,20211214,7.37,7.539999999999999,360330.49,266800.612
600707.SH,20211213,7.539999999999999,7.61,471014.11,356996.012
600707.SH,20211210,7.61,7.489999999999999,893405.86,673821.185
600707.SH,20211209,7.489999999999999,7.06,1171229.32,879156.271
600707.SH,20211208,7.06,6.99,223593.39,157508.386
600707.SH,20211207,6.99,6.99,230111.5,160673.681
600707.SH,20211206,6.99,7.06,283290.41,199842.525
600707.SH,20211203,7.06,7.02,208049.58,146136.344
600707.SH,20211202,7.02,7.119999999999999,238553.03,167882.07
600707.SH,20211201,7.119999999999999,7.02,265102.65,187906.579
600707.SH,20211130,7.02,6.98,209107.71,146941.854
600707.SH,20211129,6.98,7.140000000000001,273969.74,191481.243
600707.SH,20211126,7.140000000000001,7.209999999999999,211087.55,150827.64
600707.SH,20211125,7.209999999999999,7.33,271519.22,196659.108
600707.SH,20211124,7.33,7.4399999999999995,277496.14,204392.767
600707.SH,20211123,7.4399999999999995,7.460000000000001,415588.51,310373.113
600707.SH,20211122,7.460000000000001,7.19,654500.32,484436.968
600707.SH,20211119,7.19,7.01,482075.44,344284.91
600707.SH,20211118,7.01,7.140000000000001,262899.12,185598.453
600707.SH,20211117,7.140000000000001,7.1,267446.0,189182.309
600707.SH,20211116,7.1,7.19,303022.11,217620.156
600707.SH,20211115,7.19,7.140000000000001,304139.25,218422.336
600707.SH,20211112,7.140000000000001,7.090000000000001,328604.53,234650.991
600707.SH,20211111,7.090000000000001,7.1,319209.36,225981.459
600707.SH,20211110,7.1,7.02,315949.87,222523.669
600707.SH,20211109,7.02,6.92,303412.74,212225.704
600707.SH,20211108,6.92,6.87,228352.4,157312.338
600707.SH,20211105,6.87,7.03,323993.17,225608.189
600707.SH,20211104,7.03,7.140000000000001,490723.82,344183.586
600707.SH,20211103,7.140000000000001,6.72,817376.24,585159.312
600707.SH,20211102,6.72,7.03,449201.8,309216.293
600707.SH,20211101,7.03,6.9,434505.16,305149.485
600707.SH,20211029,6.9,6.9,311713.5,213426.017
600707.SH,20211028,6.9,7.03,343660.09,236306.738
600707.SH,20211027,7.03,7.169999999999999,253974.85,178758.751
600707.SH,20211026,7.169999999999999,7.119999999999999,299166.02,214710.722
600707.SH,20211025,7.119999999999999,7.070000000000001,362242.21,256587.734
600707.SH,20211022,7.070000000000001,7.2,370704.82,264840.069
600707.SH,20211021,7.2,7.43,439600.76,319286.946
600707.SH,20211020,7.43,7.68,441090.26,331138.822
600707.SH,20211019,7.68,7.58,444951.03,336500.081
600707.SH,20211018,7.58,7.559999999999999,263822.99,198212.749
600707.SH,20211015,7.559999999999999,7.840000000000001,407326.68,311230.575
600707.SH,20211014,7.840000000000001,7.99,230910.06,181407.761
600707.SH,20211013,7.99,7.98,217010.27,171419.968
600707.SH,20211012,7.98,8.1,273539.96,219119.559
600707.SH,20211011,8.1,8.14,247802.27,200688.859
600707.SH,20211008,8.14,8.02,340965.15,279823.805
600707.SH,20210930,8.02,7.86,290571.0,230445.371
600707.SH,20210929,7.86,8.28,446093.43,357995.269
600707.SH,20210928,8.28,8.58,412731.57,342692.023
600707.SH,20210927,8.58,8.23,708978.98,600933.819
600707.SH,20210924,8.23,8.46,493765.35,414524.258
600707.SH,20210923,8.46,8.2,556783.67,468522.438
600707.SH,20210922,8.2,8.5,510273.38,417929.549
600707.SH,20210917,8.5,8.36,832762.2,716408.032
600707.SH,20210916,8.36,8.61,528093.6,448470.154
600707.SH,20210915,8.61,8.8,448950.03,388533.519
600707.SH,20210914,8.8,9.04,623298.47,550065.972
600707.SH,20210913,9.04,9.03,585356.91,527135.855
600707.SH,20210910,9.03,9.15,855274.8,778651.441
600707.SH,20210909,9.15,8.98,1488593.39,1346807.941
600707.SH,20210908,8.98,8.16,1218734.05,1056261.851
600707.SH,20210907,8.16,8.1,416649.07,338166.244
600707.SH,20210906,8.1,8.16,386850.91,313487.939
600707.SH,20210903,8.16,8.35,421608.97,347988.652
600707.SH,20210902,8.35,8.16,428221.53,354883.715
600707.SH,20210901,8.16,8.38,496532.74,404735.944
600707.SH,20210831,8.38,8.23,558277.08,462943.15
600707.SH,20210830,8.23,8.76,928714.18,778467.654
600707.SH,20210827,8.76,8.56,517399.97,449043.123
600707.SH,20210826,8.56,8.44,595767.11,510279.786
600707.SH,20210825,8.44,8.1,678711.07,565727.107
600707.SH,20210824,8.1,8.15,281072.89,227804.421
600707.SH,20210823,8.15,8.04,368499.66,298384.992
600707.SH,20210820,8.04,8.07,284736.47,227583.341
600707.SH,20210819,8.07,7.94,483509.02,393505.276
600707.SH,20210818,7.94,7.800000000000001,395631.55,308726.035
600707.SH,20210817,7.800000000000001,8.22,597132.62,475821.824
600707.SH,20210816,8.22,8.22,293981.63,242473.613
600707.SH,20210813,8.22,8.38,467485.93,385727.292
600707.SH,20210812,8.38,8.42,448536.64,375718.002
600707.SH,20210811,8.42,8.4,375049.7,315628.129
600707.SH,20210810,8.4,8.39,361811.35,303113.168
600707.SH,20210809,8.39,8.27,404645.58,339735.856
600707.SH,20210806,8.27,8.28,337255.85,278114.854
600707.SH,20210805,8.28,8.46,495955.82,417001.451
600707.SH,20210804,8.46,8.35,432575.49,364733.589
600707.SH,20210803,8.35,8.62,418877.77,353509.022
600707.SH,20210802,8.62,8.36,573954.63,487662.523
600707.SH,20210730,8.36,8.34,455863.82,378225.132
600707.SH,20210729,8.34,8.22,511181.45,424212.973
600707.SH,20210728,8.22,9.03,753351.22,635399.813
600707.SH,20210727,9.03,9.06,618398.11,562656.596
600707.SH,20210726,9.06,9.36,765440.15,698205.319
600707.SH,20210723,9.36,9.86,1113362.41,1060859.84
600707.SH,20210722,9.86,9.36,1571039.93,1557684.863
600707.SH,20210721,9.36,9.51,527142.98,496060.038
600707.SH,20210720,9.51,9.57,442389.37,415944.438
600707.SH,20210719,9.57,9.94,697729.62,674573.045
600707.SH,20210716,9.94,9.37,1150647.32,1137727.133
600707.SH,20210715,9.37,9.9,830373.06,787173.256
600707.SH,20210714,9.9,10.09,1121489.09,1144662.222
600707.SH,20210713,10.09,9.86,832794.64,836949.827
600707.SH,20210712,9.86,9.74,725522.78,711388.696
600707.SH,20210709,9.74,9.53,781969.39,758395.967
600707.SH,20210708,9.53,9.31,840758.09,810470.349
600707.SH,20210707,9.31,9.5,563649.08,523673.726
600707.SH,20210706,9.5,9.12,709613.91,660546.735
600707.SH,20210705,9.12,9.09,342263.85,309944.325
600707.SH,20210702,9.09,8.98,488574.1,443339.577
600707.SH,20210701,8.98,9.41,598803.04,548648.653
600707.SH,20210630,9.41,9.41,558948.21,528242.885
600707.SH,20210629,9.41,9.73,592574.44,565961.681
600707.SH,20210628,9.73,10.07,734654.86,723538.425
600707.SH,20210625,10.07,10.19,710061.82,715695.77
600707.SH,20210624,10.19,10.16,720086.51,728008.667
600707.SH,20210623,10.16,10.08,704949.91,709844.033
600707.SH,20210622,10.08,10.04,849891.02,863026.276
600707.SH,20210621,10.04,10.32,953318.06,959588.633
600707.SH,20210618,10.32,9.56,1547606.89,1583979.797
600707.SH,20210617,9.56,9.6,607476.88,575774.136
600707.SH,20210616,9.6,9.87,636526.93,617812.676
600707.SH,20210615,9.87,9.56,989676.12,964760.464
600707.SH,20210611,9.56,9.12,1038019.27,968917.674
600707.SH,20210610,9.12,9.24,632001.54,576901.245
600707.SH,20210609,9.24,9.31,452811.08,423554.546
600707.SH,20210608,9.31,9.72,756186.64,711394.918
600707.SH,20210607,9.72,9.75,686364.87,666111.654
600707.SH,20210604,9.75,10.28,764379.45,764732.314
600707.SH,20210603,10.28,10.3,410648.77,423612.674
600707.SH,20210602,10.3,10.59,706027.8,730305.425
600707.SH,20210601,10.59,10.47,722022.56,760761.297
600707.SH,20210531,10.47,10.4,688749.64,717977.534
600707.SH,20210528,10.4,10.73,825948.74,864939.971
600707.SH,20210527,10.73,10.51,736377.52,784799.09
600707.SH,20210526,10.51,10.69,671859.08,711266.386
600707.SH,20210525,10.69,10.59,725524.0,767375.942
600707.SH,20210524,10.59,11.36,1230811.05,1335790.424
600707.SH,20210521,11.36,11.74,1024734.3,1196428.933
600707.SH,20210520,11.74,11.9,787111.49,927159.521
600707.SH,20210519,11.9,11.51,1127121.95,1317058.533
600707.SH,20210518,11.51,11.27,973059.94,1094916.71
600707.SH,20210517,11.27,11.45,890863.36,1011561.049
600707.SH,20210514,11.45,10.91,1252630.39,1419965.196
600707.SH,20210513,10.91,10.93,876175.86,969021.927
600707.SH,20210512,10.93,10.84,753619.19,823807.686
600707.SH,20210511,10.84,10.27,1021090.9,1090034.197
600707.SH,20210510,10.27,10.15,565810.91,578582.828
600707.SH,20210507,10.15,10.6,822829.15,853968.522
600707.SH,20210506,10.6,10.95,705799.78,754299.932
600707.SH,20210430,10.95,10.71,1022161.54,1103206.546
600707.SH,20210429,10.71,11.03,853789.73,934151.981
600707.SH,20210428,11.03,11.41,1082150.59,1193568.321
600707.SH,20210427,11.41,11.02,1125865.36,1257435.908
600707.SH,20210426,11.02,10.85,1339118.72,1501037.824
600707.SH,20210423,10.85,10.7,1002589.6,1082527.03
600707.SH,20210422,10.7,11.2,1571010.22,1703857.891
600707.SH,20210421,11.2,10.53,1652908.99,1842404.599
600707.SH,20210420,10.53,10.69,965313.53,1001560.292
600707.SH,20210419,10.69,10.84,964158.55,1047300.204
600707.SH,20210416,10.84,10.4,1027045.87,1111084.542
600707.SH,20210415,10.4,11.12,974664.52,1034714.782
600707.SH,20210414,11.12,10.72,1060806.81,1167170.523
600707.SH,20210413,10.72,10.6,847691.58,896383.653
600707.SH,20210412,10.6,11.78,1291284.78,1423711.483
600707.SH,20210409,11.78,12.06,1034423.57,1228017.388
600707.SH,20210408,12.06,13.4,1556347.25,1926001.51
600707.SH,20210407,13.4,12.18,1139765.04,1463719.311
600707.SH,20210406,12.18,12.18,830263.37,1021182.372
600707.SH,20210402,12.18,11.68,1151556.38,1361139.149
600707.SH,20210401,11.68,11.23,916783.04,1060373.901
600707.SH,20210331,11.23,11.4,784040.68,882441.44
600707.SH,20210330,11.4,10.69,1310392.33,1476359.924
600707.SH,20210329,10.69,10.63,1037593.8,1128595.617
600707.SH,20210326,10.63,10.62,1295309.24,1353491.872
600707.SH,20210325,10.62,10.62,1304401.49,1402670.609
600707.SH,20210324,10.62,11.8,0.0,0.0
600707.SH,20210323,11.8,12.16,2041097.78,2541827.692
600707.SH,20210322,12.16,11.05,1113443.78,1321638.171
600707.SH,20210319,11.05,11.4,1166383.16,1298003.482
600707.SH,20210318,11.4,11.37,1595654.17,1815025.466
600707.SH,20210317,11.37,10.34,957850.43,1042420.107
600707.SH,20210316,10.34,9.85,1655855.44,1694143.185
600707.SH,20210315,9.85,8.95,1217958.77,1167093.22
600707.SH,20210312,8.95,8.79,962512.63,858912.158
600707.SH,20210311,8.79,9.02,986209.1,866685.683
600707.SH,20210310,9.02,8.9,1314665.28,1173173.866
600707.SH,20210309,8.9,9.08,1672480.93,1528310.356
600707.SH,20210308,9.08,8.53,1905923.92,1760805.346
600707.SH,20210305,8.53,8.85,952549.74,816969.169
600707.SH,20210304,8.85,9.15,1399544.39,1263667.222
600707.SH,20210303,9.15,8.86,1187102.78,1035386.336
600707.SH,20210302,8.86,8.33,1444510.81,1253552.661
600707.SH,20210301,8.33,8.48,1271794.51,1078851.65
600707.SH,20210226,8.48,8.38,899722.08,756451.575
600707.SH,20210225,8.38,8.26,837222.38,696269.21
600707.SH,20210224,8.26,8.16,891225.92,738527.773
600707.SH,20210223,8.16,8.28,748646.62,626513.875
600707.SH,20210222,8.28,7.99,952452.74,798827.655
600707.SH,20210219,7.99,7.71,874789.05,693390.282
600707.SH,20210218,7.71,7.01,945806.42,717645.992
600707.SH,20210210,7.01,7.01,407149.81,285771.978
600707.SH,20210209,7.01,6.89,586446.06,412202.712
600707.SH,20210208,6.89,6.55,753926.58,506826.358
600707.SH,20210205,6.55,7.19,1006742.98,686306.135
600707.SH,20210204,7.19,7.81,1275602.29,933603.746
600707.SH,20210203,7.81,8.32,993881.65,799939.41
600707.SH,20210202,8.32,7.97,1177910.63,945993.014
600707.SH,20210201,7.97,7.470000000000001,1305078.51,1022356.969
600707.SH,20210129,7.470000000000001,8.3,1670529.8,1299061.971
600707.SH,20210128,8.3,8.19,1913020.05,1660559.362
600707.SH,20210127,8.19,8.89,1930074.84,1610790.141
600707.SH,20210126,8.89,8.08,1648869.47,1434128.367
600707.SH,20210125,8.08,7.8500000000000005,1145132.35,917798.535
600707.SH,20210122,7.8500000000000005,7.39,1355904.86,1036750.438
600707.SH,20210121,7.39,7.090000000000001,1322836.63,978063.279
600707.SH,20210120,7.090000000000001,7.0,857969.92,605261.804
600707.SH,20210119,7.0,7.28,1209802.09,878368.947
600707.SH,20210118,7.28,7.929999999999999,1852229.62,1342298.484
600707.SH,20210115,7.929999999999999,7.65,2359270.92,1874872.338
600707.SH,20210114,7.65,7.499999999999999,2078658.1,1609946.923
600707.SH,20210113,7.499999999999999,6.82,521231.47,385123.663
600707.SH,20210112,6.82,6.2,1165907.88,761774.621
600707.SH,20210111,6.2,6.0,889458.26,544601.644
600707.SH,20210108,6.0,5.95,600728.87,365932.986
600707.SH,20210107,5.95,6.2189054113506375,864786.91,522048.554
600707.SH,20210106,6.2189054113506375,6.798803343598768,1167498.89,750041.996
600707.SH,20210105,6.798803343598768,6.568843818741751,1482290.68,992567.021
600707.SH,20210104,6.568843818741751,6.6588279806423225,1151126.31,752622.634
600707.SH,20201231,6.6588279806423225,6.928780466344039,1898727.97,1320409.896
600707.SH,20201230,6.928780466344039,6.298891333040035,1380061.9,904123.126
600707.SH,20201229,6.298891333040035,6.048935327760669,1265701.99,802706.851
600707.SH,20201228,6.048935327760669,6.038937087549494,874616.55,537068.32
600707.SH,20201225,6.038937087549494,6.1989089309282885,934169.52,561035.744
600707.SH,20201224,6.1989089309282885,5.918958205015398,1246247.6,754306.059
600707.SH,20201223,5.918958205015398,5.788981082270127,949479.08,553786.396
600707.SH,20201222,5.788981082270127,6.208907171139463,1190964.63,719045.944
600707.SH,20201221,6.208907171139463,6.398873735151782,1225150.09,760906.831
600707.SH,20201218,6.398873735151782,6.88878750549934,1951430.1,1278223.573
600707.SH,20201217,6.88878750549934,6.258898372195336,1506212.72,1000060.423
600707.SH,20201216,6.258898372195336,5.978947646282447,1909446.43,1195129.675
600707.SH,20201215,5.978947646282447,6.628833260008799,1617684.89,1010769.724
600707.SH,20201214,6.628833260008799,6.298891333040035,1563028.56,997614.013
600707.SH,20201211,6.298891333040035,6.258898372195336,1105510.84,691740.754
600707.SH,20201210,6.258898372195336,6.598838539375275,1209384.67,760956.916
600707.SH,20201209,6.598838539375275,6.4988561372635285,1588037.91,1050296.597
600707.SH,20201208,6.4988561372635285,6.968773427188737,1801693.95,1204718.825
600707.SH,20201207,6.968773427188737,7.738637923449187,1979447.13,1392269.251
600707.SH,20201204,7.738637923449187,8.598486581610207,1284884.67,1042013.433
600707.SH,20201203,8.598486581610207,7.8186238451385845,175193.97,150666.814
600707.SH,20201202,7.8186238451385845,7.1087487901451825,112834.35,88236.462
600707.SH,20201201,7.1087487901451825,6.45886317641883,1186055.67,826124.525
600707.SH,20201130,6.45886317641883,5.868967003959525,1100032.98,696169.938
600707.SH,20201127,5.868967003959525,5.339060272767268,915249.62,521367.76
600707.SH,20201126,5.339060272767268,4.84914650241971,1105808.58,560420.981
600707.SH,20201125,4.84914650241971,4.4092239331280245,574526.18,273833.941
600707.SH,20201124,4.4092239331280245,4.449216893972723,88094.04,39028.62
600707.SH,20201123,4.449216893972723,4.439218653761549,109746.65,48740.202
600707.SH,20201120,4.439218653761549,4.3992256929168505,129713.24,57085.519
600707.SH,20201119,4.3992256929168505,4.449216893972723,162132.64,71070.262
600707.SH,20201118,4.449216893972723,4.24925208974923,282101.86,126767.402
600707.SH,20201117,4.24925208974923,4.289245050593928,56518.99,24021.462
600707.SH,20201116,4.289245050593928,4.229255609326882,73004.13,31258.024
600707.SH,20201113,4.229255609326882,4.24925208974923,85521.16,36210.99
600707.SH,20201112,4.24925208974923,4.229255609326882,78576.95,33570.689
600707.SH,20201111,4.229255609326882,4.3992256929168505,138728.73,59282.264
600707.SH,20201110,4.3992256929168505,4.299243290805103,134534.05,58119.34
600707.SH,20201109,4.299243290805103,4.239253849538056,111209.9,47898.795
600707.SH,20201106,4.239253849538056,4.219257369115706,68221.65,28856.023
600707.SH,20201105,4.219257369115706,4.179264408271007,49306.0,20726.771
600707.SH,20201104,4.179264408271007,4.209259128904531,44559.01,18698.323
600707.SH,20201103,4.209259128904531,4.169266168059832,78417.18,33096.809
600707.SH,20201102,4.169266168059832,4.049287285525736,84556.3,34867.349
600707.SH,20201030,4.049287285525736,4.109276726792785,70969.84,29169.627
600707.SH,20201029,4.109276726792785,4.169266168059832,41846.69,17303.03
600707.SH,20201028,4.169266168059832,4.169266168059832,42812.36,17733.667
600707.SH,20201027,4.169266168059832,4.199260888693357,35411.0,14782.753
600707.SH,20201026,4.199260888693357,4.169266168059832,44982.0,18843.423
600707.SH,20201023,4.169266168059832,4.179264408271007,46306.84,19480.194
600707.SH,20201022,4.179264408271007,4.189262648482183,38940.64,16286.661
600707.SH,20201021,4.189262648482183,4.1292732072151335,82059.51,34355.654
600707.SH,20201020,4.1292732072151335,4.069283765948087,65167.33,26736.478
600707.SH,20201019,4.069283765948087,4.079282006159261,42363.0,17354.605
600707.SH,20201016,4.079282006159261,4.1192749670039595,55902.4,22840.897
600707.SH,20201015,4.1192749670039595,4.189262648482183,49779.0,20630.168
600707.SH,20201014,4.189262648482183,4.219257369115706,46250.78,19381.898
600707.SH,20201013,4.219257369115706,4.2592503299604045,71708.0,30255.435
600707.SH,20201012,4.2592503299604045,4.179264408271007,85078.5,36087.7
600707.SH,20201009,4.179264408271007,4.059285525736911,60987.0,25538.484
600707.SH,20200930,4.059285525736911,4.059285525736911,42469.65,17250.668
600707.SH,20200929,4.059285525736911,4.009294324681038,49460.59,20205.59
600707.SH,20200928,4.009294324681038,4.009294324681038,40640.86,16347.691
600707.SH,20200925,4.009294324681038,4.1192749670039595,87581.32,35386.189
600707.SH,20200924,4.1192749670039595,4.289245050593928,106898.52,44396.521
600707.SH,20200923,4.289245050593928,4.289245050593928,37968.0,16272.967
600707.SH,20200922,4.289245050593928,4.349234491860976,51224.48,22030.734
600707.SH,20200921,4.349234491860976,4.369230972283326,62525.0,27240.3
600707.SH,20200918,4.369230972283326,4.349234491860976,59315.82,25815.979
600707.SH,20200917,4.349234491860976,4.379229212494501,66788.66,29065.72
600707.SH,20200916,4.379229212494501,4.379229212494501,59128.01,25868.012
600707.SH,20200915,4.379229212494501,4.4092239331280245,46083.09,20146.863
600707.SH,20200914,4.4092239331280245,4.449216893972723,86231.58,37989.116
600707.SH,20200911,4.449216893972723,4.3992256929168505,93468.57,41304.95
600707.SH,20200910,4.3992256929168505,4.379229212494501,96566.55,42162.626
600707.SH,20200909,4.379229212494501,4.429220413550373,102415.28,44947.522
600707.SH,20200908,4.429220413550373,4.3992256929168505,100335.46,44014.896
600707.SH,20200907,4.3992256929168505,4.509206335239771,153180.85,68262.377
600707.SH,20200904,4.509206335239771,4.5591975362956445,88047.06,39533.639
600707.SH,20200903,4.5591975362956445,4.519204575450946,141243.27,63481.495
600707.SH,20200902,4.519204575450946,4.489209854817422,115817.0,52220.749
600707.SH,20200901,4.489209854817422,4.519204575450946,89060.99,40010.325
600707.SH,20200831,4.519204575450946,4.529202815662121,128529.0,58973.994
600707.SH,20200828,4.529202815662121,4.589192256929168,170048.0,76356.916
600707.SH,20200827,4.589192256929168,4.579194016717994,116035.54,52944.911
600707.SH,20200826,4.579194016717994,4.769160580730312,207259.6,95879.948
600707.SH,20200825,4.769160580730312,4.8591447426308845,139270.04,66726.359
600707.SH,20200824,4.8591447426308845,4.759162340519138,174578.0,84466.216
600707.SH,20200821,4.759162340519138,4.779158820941488,155414.86,74578.689
600707.SH,20200820,4.779158820941488,4.819151781786186,177199.02,85575.193
600707.SH,20200819,4.819151781786186,5.009118345798504,291857.24,143291.041
600707.SH,20200818,5.009118345798504,4.9991201055873296,345497.28,172301.128
600707.SH,20200817,4.9991201055873296,4.84914650241971,438633.03,218994.419
600707.SH,20200814,4.84914650241971,4.799155301363837,184451.82,89266.424
600707.SH,20200813,4.799155301363837,4.7091711394632645,199000.56,95732.871
600707.SH,20200812,4.7091711394632645,4.679176418829741,165849.61,76990.563
600707.SH,20200811,4.679176418829741,4.8691429828420585,234904.24,112416.923
600707.SH,20200810,4.8691429828420585,4.919134183897932,249870.79,121761.454
600707.SH,20200807,4.919134183897932,4.989121865376155,356702.4,172446.953
600707.SH,20200806,4.989121865376155,4.919134183897932,471373.47,235621.579
600707.SH,20200805,4.919134183897932,4.789157061152662,319476.98,154413.768
600707.SH,20200804,4.789157061152662,4.8591447426308845,223241.77,106741.377
600707.SH,20200803,4.8591447426308845,4.7091711394632645,247970.49,119233.272
600707.SH,20200731,4.7091711394632645,4.669178178618566,173324.28,81640.378
600707.SH,20200730,4.669178178618566,4.759162340519138,178027.0,83918.722
600707.SH,20200729,4.759162340519138,4.619186977562693,204931.26,96050.82
600707.SH,20200728,4.619186977562693,4.54919929608447,165690.02,76927.636
600707.SH,20200727,4.54919929608447,4.54919929608447,178023.0,81082.288
600707.SH,20200724,4.54919929608447,4.899137703475583,340483.35,160326.636
600707.SH,20200723,4.899137703475583,4.939130664320282,352617.36,170754.186
600707.SH,20200722,4.939130664320282,5.039113066432028,567832.52,282234.111
600707.SH,20200721,5.039113066432028,4.579194016717994,354325.98,173075.402
600707.SH,20200720,4.579194016717994,4.439218653761549,180576.54,81501.292
600707.SH,20200717,4.439218653761549,4.499208095028597,200143.84,89720.533
600707.SH,20200716,4.499208095028597,4.799155301363837,311697.62,146236.018
600707.SH,20200715,4.799155301363837,4.989121865376155,306944.29,150276.035
600707.SH,20200714,4.989121865376155,5.079106027276727,537150.97,271898.999
600707.SH,20200713,5.079106027276727,4.819151781786186,442650.76,221236.523
600707.SH,20200710,4.819151781786186,5.039113066432028,385649.33,189316.04
600707.SH,20200709,5.039113066432028,4.929132424109106,508950.62,253665.438
600707.SH,20200708,4.929132424109106,4.8591447426308845,380128.25,185658.125
600707.SH,20200707,4.8591447426308845,4.769160580730312,543004.38,267809.435
600707.SH,20200706,4.769160580730312,4.529202815662121,476597.65,225272.52
600707.SH,20200703,4.529202815662121,4.509206335239771,271759.16,122834.069
600707.SH,20200702,4.509206335239771,4.459215134183898,260476.57,116501.983
600707.SH,20200701,4.459215134183898,4.5591975362956445,209839.99,94013.716
600707.SH,20200630,4.5591975362956445,4.529202815662121,243374.96,110238.516
600707.SH,20200629,4.529202815662121,4.459215134183898,280576.88,126151.743
600707.SH,20200624,4.459215134183898,4.539201055873296,220380.26,98597.061
600707.SH,20200623,4.539201055873296,4.369230972283326,349853.5,158222.997
600707.SH,20200622,4.369230972283326,4.489209854817422,223102.82,98923.884
600707.SH,20200619,4.489209854817422,4.54919929608447,272499.99,121871.557
600707.SH,20200618,4.54919929608447,4.369230972283326,387953.59,173347.558
600707.SH,20200617,4.369230972283326,4.319239771227453,305471.86,132870.908
600707.SH,20200616,4.319239771227453,4.2592503299604045,254644.53,110259.63
600707.SH,20200615,4.2592503299604045,4.419222173339199,367917.01,158534.831
600707.SH,20200612,4.419222173339199,4.579194016717994,370281.63,164174.156
600707.SH,20200611,4.579194016717994,4.8691429828420585,521737.56,244067.201
600707.SH,20200610,4.8691429828420585,4.659179938407392,758535.55,356044.293
600707.SH,20200609,4.659179938407392,4.649181698196217,915818.73,432202.114
600707.SH,20200608,4.649181698196217,4.229255609326882,306208.47,139122.762
600707.SH,20200605,4.229255609326882,4.359232732072152,314212.37,134490.488
600707.SH,20200604,4.359232732072152,4.449216893972723,485984.35,216703.544
600707.SH,20200603,4.449216893972723,4.3992256929168505,704086.7,321146.865
600707.SH,20200602,4.3992256929168505,3.9992960844698637,332277.56,139735.284
600707.SH,20200601,3.9992960844698637,3.9093119225692923,174070.83,69297.921
600707.SH,20200529,3.9093119225692923,3.829326000879895,160420.44,63481.922
600707.SH,20200528,3.829326000879895,3.829326000879895,81613.23,31018.238
600707.SH,20200527,3.829326000879895,3.8993136823581174,66887.21,25754.569
600707.SH,20200526,3.8993136823581174,3.79933128024637,66958.95,25963.437
600707.SH,20200525,3.79933128024637,3.7693365596128463,67224.34,25435.823
600707.SH,20200522,3.7693365596128463,3.8493224813022437,110701.91,42096.392
600707.SH,20200521,3.8493224813022437,3.9892978442586897,130601.82,51089.033
600707.SH,20200520,3.9892978442586897,4.029290805103388,109682.46,43951.655
600707.SH,20200519,4.029290805103388,3.9892978442586897,100594.3,40442.785
600707.SH,20200518,3.9892978442586897,4.1292732072151335,196130.79,79394.854
600707.SH,20200515,4.1292732072151335,4.089280246370435,176694.88,73177.948
600707.SH,20200514,4.089280246370435,4.079282006159261,113347.08,46217.381
600707.SH,20200513,4.079282006159261,4.09927848658161,98241.26,40188.691
600707.SH,20200512,4.09927848658161,4.09927848658161,150273.12,61112.999
600707.SH,20200511,4.09927848658161,4.059285525736911,199614.58,82710.325
600707.SH,20200508,4.059285525736911,4.019292564892212,152803.51,62059.021
600707.SH,20200507,4.019292564892212,4.169266168059832,214024.52,86889.032
600707.SH,20200506,4.169266168059832,4.109276726792785,380328.28,155095.354
600707.SH,20200430,4.109276726792785,3.7393418389793225,295839.5,117357.979
600707.SH,20200429,3.7393418389793225,3.599366476022878,137149.0,51322.041
600707.SH,20200428,3.599366476022878,3.6393594368675766,98346.97,35093.695
600707.SH,20200427,3.6393594368675766,3.6593559172899255,68271.14,24998.476
600707.SH,20200424,3.6593559172899255,3.8493224813022437,160159.61,59718.819
600707.SH,20200423,3.8493224813022437,3.8493224813022437,102322.45,39550.362
600707.SH,20200422,3.8493224813022437,3.839324241091069,73104.07,28019.712
600707.SH,20200421,3.839324241091069,3.9093119225692923,109082.19,41830.598
600707.SH,20200420,3.9093119225692923,3.929308402991641,94304.0,36737.348
600707.SH,20200417,3.929308402991641,3.9193101627804663,107148.8,42404.203
600707.SH,20200416,3.9193101627804663,3.96930136383634,94407.0,37099.779
600707.SH,20200415,3.96930136383634,4.019292564892212,121656.73,48854.9
600707.SH,20200414,4.019292564892212,3.959303123625165,94688.96,37793.775
600707.SH,20200413,3.959303123625165,4.039289045314562,95601.69,38352.159
600707.SH,20200410,4.039289045314562,4.159267927848658,146374.59,59771.74
600707.SH,20200409,4.159267927848658,4.089280246370435,160672.99,66688.942
600707.SH,20200408,4.089280246370435,4.049287285525736,122108.38,49835.854
600707.SH,20200407,4.049287285525736,3.9193101627804663,159516.74,64461.218
600707.SH,20200403,3.9193101627804663,3.96930136383634,111983.52,43978.481
600707.SH,20200402,3.96930136383634,3.8593207215134187,149080.46,58257.046
600707.SH,20200401,3.8593207215134187,3.839324241091069,177683.03,69656.23
600707.SH,20200331,3.839324241091069,3.9193101627804663,134155.05,52260.93
600707.SH,20200330,3.9193101627804663,4.09927848658161,203188.38,79902.646
600707.SH,20200327,4.09927848658161,4.09927848658161,117829.99,48672.237
600707.SH,20200326,4.09927848658161,4.2592503299604045,149330.0,61955.236
600707.SH,20200325,4.2592503299604045,4.089280246370435,210740.83,88868.003
600707.SH,20200324,4.089280246370435,4.049287285525736,205354.53,83423.29
600707.SH,20200323,4.049287285525736,4.2692485701715785,183502.64,75151.75
600707.SH,20200320,4.2692485701715785,4.239253849538056,153587.54,65338.496
600707.SH,20200319,4.239253849538056,4.139271447426308,195027.21,81771.521
600707.SH,20200318,4.139271447426308,4.279246810382754,226863.0,97156.866
600707.SH,20200317,4.279246810382754,4.309241531016277,266985.21,114637.855
600707.SH,20200316,4.309241531016277,4.599190497140343,267719.94,119595.736
600707.SH,20200313,4.599190497140343,4.609188737351518,268555.53,121324.944
600707.SH,20200312,4.609188737351518,4.759162340519138,243216.78,112699.664
600707.SH,20200311,4.759162340519138,4.879141223053233,273207.68,133073.355
600707.SH,20200310,4.879141223053233,4.729167619885614,371408.25,176704.537
600707.SH,20200309,4.729167619885614,5.069107787065552,458253.82,222654.388
600707.SH,20200306,5.069107787065552,4.939130664320282,574303.4,286358.382
600707.SH,20200305,4.939130664320282,4.779158820941488,695056.36,341045.546
600707.SH,20200304,4.779158820941488,4.659179938407392,512127.14,243351.648
600707.SH,20200303,4.659179938407392,4.7091711394632645,469133.08,223358.901
600707.SH,20200302,4.7091711394632645,4.499208095028597,553918.48,257584.789
600707.SH,20200228,4.499208095028597,4.9991201055873296,723020.66,332945.84
600707.SH,20200227,4.9991201055873296,5.209083150021997,676376.84,342252.9
600707.SH,20200226,5.209083150021997,5.788981082270127,972136.84,523477.312
600707.SH,20200225,5.788981082270127,5.459039155301364,1737930.52,964877.71
600707.SH,20200224,5.459039155301364,4.959127144742631,998877.23,539078.567
600707.SH,20200221,4.959127144742631,4.509206335239771,1277579.46,624685.012
600707.SH,20200220,4.509206335239771,4.09927848658161,595018.31,256510.414
600707.SH,20200219,4.09927848658161,4.199260888693357,527086.25,224063.965
600707.SH,20200218,4.199260888693357,3.81932776066872,324312.91,129590.055
600707.SH,20200217,3.81932776066872,3.699348878134624,193631.5,73602.522
600707.SH,20200214,3.699348878134624,3.699348878134624,121926.8,45364.758
600707.SH,20200213,3.699348878134624,3.789333040035196,188665.89,70668.52
600707.SH,20200212,3.789333040035196,3.6693541575011004,209492.07,78250.602
600707.SH,20200211,3.6693541575011004,3.6593559172899255,144203.41,52859.242
600707.SH,20200210,3.6593559172899255,3.569371755389353,160189.16,58179.388
600707.SH,20200207,3.569371755389353,3.569371755389353,172045.38,61325.307
600707.SH,20200206,3.569371755389353,3.4493928728552574,221617.76,79059.19
600707.SH,20200205,3.4493928728552574,3.429396392432908,183048.16,63818.94
600707.SH,20200204,3.429396392432908,3.509382314122305,246092.79,82956.045
600707.SH,20200203,3.509382314122305,3.8993136823581174,32658.0,11462.958
600707.SH,20200123,3.8993136823581174,4.029290805103388,172473.0,68457.487
600707.SH,20200122,4.029290805103388,4.1192749670039595,213468.78,84906.67
600707.SH,20200121,4.1192749670039595,4.2592503299604045,170036.59,70904.661
600707.SH,20200120,4.2592503299604045,4.189262648482183,137886.21,58327.229
600707.SH,20200117,4.189262648482183,4.179264408271007,109306.68,46019.348
600707.SH,20200116,4.179264408271007,4.189262648482183,116501.0,48975.672
600707.SH,20200115,4.189262648482183,4.2692485701715785,158731.76,66887.084
600707.SH,20200114,4.2692485701715785,4.289245050593928,150299.95,64400.591
600707.SH,20200113,4.289245050593928,4.349234491860976,194232.08,82975.346
600707.SH,20200110,4.349234491860976,4.389227452705675,234815.3,101738.679
600707.SH,20200109,4.389227452705675,4.389227452705675,393017.37,172216.711
600707.SH,20200108,4.389227452705675,4.309241531016277,697440.39,310352.699
600707.SH,20200107,4.309241531016277,4.299243290805103,220495.88,94730.421
600707.SH,20200106,4.299243290805103,4.319239771227453,272246.81,117227.166
600707.SH,20200103,4.319239771227453,4.359232732072152,288353.41,125248.171
600707.SH,20200102,4.359232732072152,4.2,345336.2,148329.745
600707.SH,20191231,4.2,4.3,269414.57,113910.262
600707.SH,20191230,4.3,4.24,271348.05,115797.796
600707.SH,20191227,4.24,4.42,450766.22,194537.468
600707.SH,20191226,4.42,4.4,522288.95,231271.857
600707.SH,20191225,4.4,4.34,589413.56,256157.746
600707.SH,20191224,4.34,4.36,595014.49,251517.964
600707.SH,20191223,4.36,4.35,810932.16,363635.914
600707.SH,20191220,4.35,4.47,758514.2,336999.927
600707.SH,20191219,4.47,4.76,1141446.77,520702.961
600707.SH,20191218,4.76,4.33,1535972.68,713053.6
600707.SH,20191217,4.33,3.9399999999999995,75375.0,32637.375
600707.SH,20191216,3.9399999999999995,3.5799999999999996,212861.16,80553.365
600707.SH,20191213,3.5799999999999996,3.5599999999999996,175712.01,62490.762
600707.SH,20191212,3.5599999999999996,3.5799999999999996,124079.35,44181.403
600707.SH,20191211,3.5799999999999996,3.63,145928.63,52382.714
600707.SH,20191210,3.63,3.62,220147.86,79715.887
600707.SH,20191209,3.62,3.5,340926.29,121689.345
600707.SH,20191206,3.5,3.5899999999999994,430888.94,150946.041
600707.SH,20191205,3.5899999999999994,3.7100000000000004,405472.37,146128.283
600707.SH,20191204,3.7100000000000004,3.7999999999999994,291098.69,108827.235
600707.SH,20191203,3.7999999999999994,3.82,182789.59,68989.661
600707.SH,20191202,3.82,3.7699999999999996,84559.64,32335.261
600707.SH,20191129,3.7699999999999996,3.7300000000000004,72514.7,27258.136
600707.SH,20191128,3.7300000000000004,3.7999999999999994,81093.0,30443.215
600707.SH,20191127,3.7999999999999994,3.9099999999999997,135682.99,51526.351
600707.SH,20191126,3.9099999999999997,3.85,153555.05,60405.943
600707.SH,20191125,3.85,3.84,93596.21,36157.415
600707.SH,20191122,3.84,3.9099999999999997,85204.02,33052.247
600707.SH,20191121,3.9099999999999997,3.8700000000000006,58458.8,22774.217
600707.SH,20191120,3.8700000000000006,3.93,57881.04,22594.117
600707.SH,20191119,3.93,3.8700000000000006,76233.98,29744.631
600707.SH,20191118,3.8700000000000006,3.7999999999999994,108790.15,42139.837
600707.SH,20191115,3.7999999999999994,3.84,69516.69,26676.094
600707.SH,20191114,3.84,3.8700000000000006,78328.46,30248.478
600707.SH,20191113,3.8700000000000006,3.9399999999999995,104066.44,40348.241
600707.SH,20191112,3.9399999999999995,4.02,108063.86,42516.023
600707.SH,20191111,4.02,4.13,144716.89,58189.091
600707.SH,20191108,4.13,4.14,70046.83,29155.923
600707.SH,20191107,4.14,4.1,71768.23,29777.77
600707.SH,20191106,4.1,4.18,118572.22,49279.849
600707.SH,20191105,4.18,4.34,126088.0,53079.993
600707.SH,20191104,4.34,4.32,163163.26,69579.034
600707.SH,20191101,4.32,4.34,86866.2,37559.165
600707.SH,20191031,4.34,4.38,71574.27,31298.455
600707.SH,20191030,4.38,4.64,178790.23,79249.155
600707.SH,20191029,4.64,4.7,66758.25,31181.799
600707.SH,20191028,4.7,4.58,100847.82,47186.9
600707.SH,20191025,4.58,4.55,89803.11,40900.459
600707.SH,20191024,4.55,4.56,62279.57,28407.835
600707.SH,20191023,4.56,4.63,75401.15,34671.27
600707.SH,20191022,4.63,4.54,66172.53,30492.178
600707.SH,20191021,4.54,4.58,85743.37,38734.402
600707.SH,20191018,4.58,4.68,84247.64,38741.511
600707.SH,20191017,4.68,4.71,64485.91,30314.504
600707.SH,20191016,4.71,4.81,60112.01,28621.958
600707.SH,20191015,4.81,4.89,113081.26,54576.091
600707.SH,20191014,4.89,4.78,87699.01,42862.093
600707.SH,20191011,4.78,4.84,89954.47,43227.296
600707.SH,20191010,4.84,4.65,108208.41,51599.432
600707.SH,20191009,4.65,4.56,107136.3,49070.742
600707.SH,20191008,4.56,4.52,90416.31,41518.141
600707.SH,20190930,4.52,4.65,126831.2,58003.098
600707.SH,20190927,4.65,4.65,150326.5,69883.412
600707.SH,20190926,4.65,4.83,169624.77,80066.392
600707.SH,20190925,4.83,4.96,216675.5,106948.24
600707.SH,20190924,4.96,5.22,182393.78,92306.409
600707.SH,20190923,5.22,5.22,77869.48,40213.678
600707.SH,20190920,5.22,5.13,86265.11,44969.315
600707.SH,20190919,5.13,5.08,62235.68,31788.248
600707.SH,20190918,5.08,5.1,76234.89,38992.201
600707.SH,20190917,5.1,5.25,89649.28,46234.664
600707.SH,20190916,5.25,5.19,93261.87,49066.838
600707.SH,20190912,5.19,5.17,70338.14,36418.898
600707.SH,20190911,5.17,5.21,124848.94,65359.806
600707.SH,20190910,5.21,5.24,109262.11,56765.101
600707.SH,20190909,5.24,5.07,138918.58,71976.032
600707.SH,20190906,5.07,5.0,122987.0,62159.804
600707.SH,20190905,5.0,4.93,178430.5,89983.651
600707.SH,20190904,4.93,4.85,135946.18,66852.167
600707.SH,20190903,4.85,4.76,171877.48,83603.258
600707.SH,20190902,4.76,4.56,169519.5,80225.135
600707.SH,20190830,4.56,4.61,103567.25,48052.717
600707.SH,20190829,4.61,4.68,68325.72,31718.452
600707.SH,20190828,4.68,4.72,56560.0,26615.442
600707.SH,20190827,4.72,4.58,106977.93,50397.018
600707.SH,20190826,4.58,4.68,71803.93,32828.414
600707.SH,20190823,4.68,4.72,91823.8,42825.717
600707.SH,20190822,4.72,4.7,94022.79,44374.546
600707.SH,20190821,4.7,4.75,76016.03,35889.539
600707.SH,20190820,4.75,4.72,132368.88,63279.391
600707.SH,20190819,4.72,4.59,115215.58,53996.094
600707.SH,20190816,4.59,4.58,121385.73,56085.019
600707.SH,20190815,4.58,4.72,208326.01,93941.17
600707.SH,20190814,4.72,4.66,247403.21,117204.505
600707.SH,20190813,4.66,4.79,120955.95,56323.606
600707.SH,20190812,4.79,4.66,56967.88,27004.723
600707.SH,20190809,4.66,4.78,70692.0,33468.447
600707.SH,20190808,4.78,4.75,62548.05,29891.71
600707.SH,20190807,4.75,4.86,139089.04,66158.963
600707.SH,20190806,4.86,5.08,174949.21,84806.129
600707.SH,20190805,5.08,5.35,161331.66,83583.265
600707.SH,20190802,5.35,5.62,146629.17,78816.183
600707.SH,20190801,5.62,5.5,155273.58,88047.385
600707.SH,20190731,5.5,5.5,75045.71,41170.027
600707.SH,20190730,5.5,5.62,103659.02,57641.125
600707.SH,20190729,5.62,5.68,108885.61,61007.541
600707.SH,20190726,5.68,5.87,141315.75,80736.968
600707.SH,20190725,5.87,5.75,215355.44,125080.415
600707.SH,20190724,5.75,5.76,190578.35,109514.961
600707.SH,20190723,5.76,5.68,248919.07,143783.309
600707.SH,20190722,5.68,5.52,225311.45,125046.796
600707.SH,20190719,5.52,5.64,196384.01,109578.727
600707.SH,20190718,5.64,5.8,395336.36,223231.516
600707.SH,20190717,5.8,5.27,241923.82,137521.655
600707.SH,20190716,5.27,5.16,76886.5,40253.06
600707.SH,20190715,5.16,5.1,70991.92,36206.428
600707.SH,20190712,5.1,5.06,50485.0,25853.044
600707.SH,20190711,5.06,5.12,41632.58,21190.928
600707.SH,20190710,5.12,5.14,66160.16,33918.497
600707.SH,20190709,5.14,5.07,54391.71,27782.824
600707.SH,20190708,5.07,5.3,89947.67,46106.988
600707.SH,20190705,5.3,5.21,80550.0,42585.708
600707.SH,20190704,5.21,5.36,90237.32,47511.957
600707.SH,20190703,5.36,5.42,116493.48,62205.824
600707.SH,20190702,5.42,5.51,226310.25,124472.058
600707.SH,20190701,5.51,5.01,231861.78,125265.362
600707.SH,20190628,5.01,5.19,94738.33,47558.55
600707.SH,20190627,5.19,5.21,59347.18,30980.694
600707.SH,20190626,5.21,5.2,35508.03,18491.408
600707.SH,20190625,5.2,5.27,60669.29,31563.799
600707.SH,20190624,5.27,5.32,66631.02,34911.884
600707.SH,20190621,5.32,5.28,96869.77,51284.698
600707.SH,20190620,5.28,5.22,138620.12,73196.651
600707.SH,20190619,5.22,5.33,126646.26,67506.393
600707.SH,20190618,5.33,5.59,135166.13,72573.812
600707.SH,20190617,5.59,5.14,216245.49,118417.985
600707.SH,20190614,5.14,5.33,90091.44,47308.166
600707.SH,20190613,5.33,5.2,110118.23,58458.736
600707.SH,20190612,5.2,5.32,122518.22,64341.746
600707.SH,20190611,5.32,5.07,215037.78,114620.481
600707.SH,20190610,5.07,4.61,109632.98,53999.224
600707.SH,20190606,4.61,4.93,70514.11,33734.463
600707.SH,20190605,4.93,4.86,39837.34,19643.991
600707.SH,20190604,4.86,4.89,37580.43,18321.446
600707.SH,20190603,4.89,4.93,53823.19,26357.813
600707.SH,20190531,4.93,4.95,33338.49,16502.707
600707.SH,20190530,4.95,4.98,53398.61,26298.926
600707.SH,20190529,4.98,4.99,42913.44,21433.06
600707.SH,20190528,4.99,5.02,42132.92,21133.315
600707.SH,20190527,5.02,4.9,63003.67,31228.582
600707.SH,20190524,4.9,4.95,46936.37,23222.6
600707.SH,20190523,4.95,5.01,47331.5,23668.025
600707.SH,20190522,5.01,5.1,44260.37,22319.079
600707.SH,20190521,5.1,5.03,58690.13,29801.13
600707.SH,20190520,5.03,4.94,53533.17,26757.774
600707.SH,20190517,4.94,5.16,86695.44,43926.867
600707.SH,20190516,5.16,5.23,69610.12,36035.323
600707.SH,20190515,5.23,5.15,36946.08,19249.785
600707.SH,20190514,5.15,5.19,43592.17,22548.055
600707.SH,20190513,5.19,5.15,58498.21,30482.166
600707.SH,20190510,5.15,4.99,60812.48,31120.342
600707.SH,20190509,4.99,5.03,38499.37,19348.133
600707.SH,20190508,5.03,5.0,60424.01,30334.352
600707.SH,20190507,5.0,4.85,77510.04,38397.481
600707.SH,20190506,4.85,5.33,120203.19,59635.007
600707.SH,20190430,5.33,5.4,69360.0,37264.171
600707.SH,20190429,5.4,6.0,173980.88,95823.702
600707.SH,20190426,6.0,6.07,91306.01,55306.28
600707.SH,20190425,6.07,6.5,165750.98,103294.78
600707.SH,20190424,6.5,6.17,198969.17,127803.325
600707.SH,20190423,6.17,6.33,86435.58,53739.705
600707.SH,20190422,6.33,6.36,102028.92,65567.265
600707.SH,20190419,6.36,6.31,76428.92,48417.318
600707.SH,20190418,6.31,6.43,87820.37,55828.109
600707.SH,20190417,6.43,6.32,121667.0,78353.026
600707.SH,20190416,6.32,6.12,90048.94,55994.942
600707.SH,20190415,6.12,6.2,94361.38,58823.903
600707.SH,20190412,6.2,6.36,170693.12,106239.268
600707.SH,20190411,6.36,6.75,248299.58,163998.195
600707.SH,20190410,6.75,6.88,265366.31,180622.294
600707.SH,20190409,6.88,6.78,334502.59,225919.945
600707.SH,20190408,6.78,6.64,255852.36,172088.614
600707.SH,20190404,6.64,6.64,228706.01,152006.992
600707.SH,20190403,6.64,6.38,298272.68,197337.618
600707.SH,20190402,6.38,6.45,185335.1,118474.006
600707.SH,20190401,6.45,6.31,205223.45,131954.111
600707.SH,20190329,6.31,6.21,167180.7,104202.605
600707.SH,20190328,6.21,6.1,153611.41,95167.556
600707.SH,20190327,6.1,6.03,103079.28,62269.635
600707.SH,20190326,6.03,6.2,153856.61,94476.271
600707.SH,20190325,6.2,6.41,142769.85,89625.817
600707.SH,20190322,6.41,6.26,227849.35,146004.083
600707.SH,20190321,6.26,6.23,149164.91,93601.32
600707.SH,20190320,6.23,6.29,106898.39,66196.519
600707.SH,20190319,6.29,6.26,123628.64,78146.2
600707.SH,20190318,6.26,6.24,119909.58,74328.977
600707.SH,20190315,6.24,6.0,135229.45,82553.933
600707.SH,20190314,6.0,6.34,212619.45,129567.097
600707.SH,20190313,6.34,6.43,218447.01,140668.281
600707.SH,20190312,6.43,6.39,249924.98,159929.624
600707.SH,20190311,6.39,6.33,272498.81,171070.934
600707.SH,20190308,6.33,6.85,319482.47,208297.946
600707.SH,20190307,6.85,6.93,368328.62,256996.856
600707.SH,20190306,6.93,6.94,416415.1,282883.548
600707.SH,20190305,6.94,6.53,491371.4,327980.099
600707.SH,20190304,6.53,6.49,419616.38,276264.432
600707.SH,20190301,6.49,6.18,413176.99,264009.665
600707.SH,20190228,6.18,6.05,180820.24,111629.86
600707.SH,20190227,6.05,6.18,245315.04,149216.935
600707.SH,20190226,6.18,6.53,439763.25,276342.389
600707.SH,20190225,6.53,6.17,534902.24,343431.121
600707.SH,20190222,6.17,6.1,311402.86,191291.089
600707.SH,20190221,6.1,6.33,428375.66,262308.475
600707.SH,20190220,6.33,6.56,477797.89,306524.091
600707.SH,20190219,6.56,6.36,736224.27,469365.006
600707.SH,20190218,6.36,6.28,808779.78,497537.714
600707.SH,20190215,6.28,5.84,914686.4,564133.047
600707.SH,20190214,5.84,5.31,47592.14,27793.81
600707.SH,20190213,5.31,4.83,22895.49,12157.505
600707.SH,20190212,4.83,4.39,137358.72,65238.348
600707.SH,20190211,4.39,4.26,42374.44,18481.409
600707.SH,20190201,4.26,4.2,20366.5,8664.416
600707.SH,20190131,4.2,4.26,32236.0,13729.377
600707.SH,20190130,4.26,4.36,31259.39,13463.264
600707.SH,20190129,4.36,4.29,61622.0,26218.273
600707.SH,20190128,4.29,4.29,30618.0,13257.869
600707.SH,20190125,4.29,4.29,30875.97,13253.532
600707.SH,20190124,4.29,4.28,37965.02,16247.449
600707.SH,20190123,4.28,4.3,22456.0,9630.42
600707.SH,20190122,4.3,4.39,28568.0,12392.713
600707.SH,20190121,4.39,4.31,63895.99,27965.142
600707.SH,20190118,4.31,4.36,73255.97,31759.887
600707.SH,20190117,4.36,4.3,120925.98,53444.728
600707.SH,20190116,4.3,4.3,38173.1,16395.687
600707.SH,20190115,4.3,4.28,33135.08,14252.083
600707.SH,20190114,4.28,4.33,29867.0,12896.97
600707.SH,20190111,4.33,4.27,49159.23,21158.926
600707.SH,20190110,4.27,4.27,35201.0,15178.175
600707.SH,20190109,4.27,4.3,49558.22,21426.113
600707.SH,20190108,4.3,4.23,49875.93,21206.066
600707.SH,20190107,4.23,4.17,53308.93,22421.913
600707.SH,20190104,4.17,4.07,42190.93,17483.278
600707.SH,20190103,4.07,4.11,30093.0,12345.674
600707.SH,20190102,4.11,4.13,21122.0,8685.174
600707.SH,20181228,4.13,4.07,52873.2,21595.683
600707.SH,20181227,4.07,4.16,37187.0,15452.214
600707.SH,20181226,4.16,4.21,19521.2,8161.286
600707.SH,20181225,4.21,4.27,48801.45,20293.004
600707.SH,20181224,4.27,4.33,29611.35,12682.061
600707.SH,20181221,4.33,4.22,66398.19,27988.539
600707.SH,20181220,4.22,4.24,21406.0,9065.128
600707.SH,20181219,4.24,4.3,17376.47,7428.356
600707.SH,20181218,4.3,4.36,24604.59,10627.312
600707.SH,20181217,4.36,4.4,21031.53,9164.238
600707.SH,20181214,4.4,4.49,49766.43,21920.315
600707.SH,20181213,4.49,4.49,43524.0,19564.898
600707.SH,20181212,4.49,4.5,43131.82,19264.303
600707.SH,20181211,4.5,4.5,27263.14,12283.023
600707.SH,20181210,4.5,4.67,68489.55,31041.422
600707.SH,20181207,4.67,4.48,133765.81,62929.43
600707.SH,20181206,4.48,4.62,52370.01,23723.402
600707.SH,20181205,4.62,4.7,35544.62,16429.093
600707.SH,20181204,4.7,4.67,42832.02,20071.983
600707.SH,20181203,4.67,4.54,56684.71,26373.948
600707.SH,20181130,4.54,4.52,46314.0,20721.17
600707.SH,20181129,4.52,4.59,49213.82,22701.032
600707.SH,20181128,4.59,4.57,35637.01,16240.244
600707.SH,20181127,4.57,4.58,23818.0,10901.73
600707.SH,20181126,4.58,4.64,34615.6,15876.85
600707.SH,20181123,4.64,4.76,71181.81,32959.196
600707.SH,20181122,4.76,4.8,59528.92,28348.907
600707.SH,20181121,4.8,4.81,65382.6,30959.964
600707.SH,20181120,4.81,4.92,86742.89,41522.258
600707.SH,20181119,4.92,4.84,64280.56,31396.337
600707.SH,20181116,4.84,4.79,62949.57,30413.803
600707.SH,20181115,4.79,4.74,92205.23,44190.16
600707.SH,20181114,4.74,4.75,92904.52,43955.435
600707.SH,20181113,4.75,4.58,174432.86,81640.515
600707.SH,20181112,4.58,4.5,113096.45,51369.401
600707.SH,20181109,4.5,4.43,74950.06,33360.123
600707.SH,20181108,4.43,4.42,50873.01,22580.497
600707.SH,20181107,4.42,4.44,97445.8,43548.72
600707.SH,20181106,4.44,4.5,70494.0,31294.804
600707.SH,20181105,4.5,4.45,76181.19,34021.719
600707.SH,20181102,4.45,4.35,90242.85,39824.162
600707.SH,20181101,4.35,,69074.62,30273.362
